Jurisdiction,Sample ID,Collection Date,Stored at 4C? (Y/N),PCR Inhibited? (Y/N/Partial),Location (Indoor/Outdoor/Transit/Special Event)
DCA,12311,7/15/2024,Y,N,Transit
DCA,12311,4/23/2024,Y,N,Transit
DCA,12311,1/22/2024,Y,N,Transit
DCA,16527,7/15/2024,Y,N,Indoor
DCA,16527,4/23/2024,Y,N,Indoor
DCA,16527,1/22/2024,Y,N,Indoor
DCA,16531,7/15/2024,Y,N,Indoor
DCA,16531,4/23/2024,Y,N,Indoor
DCA,16531,1/22/2024,Y,N,Indoor
DCA,16565,7/15/2024,Y,N,Transit
DCA,16565,4/23/2024,Y,N,Transit
DCA,16565,1/22/2024,Y,N,Transit
DCA,20074,7/15/2024,Y,N,Outdoor
DCA,20074,4/23/2024,Y,N,Outdoor
DCA,20074,1/22/2024,Y,N,Outdoor
DCA,20078,7/15/2024,Y,N,Transit
DCA,20078,4/23/2024,Y,N,Transit
DCA,20078,1/22/2024,Y,N,Transit
DCA,20838,7/15/2024,Y,N,Outdoor
DCA,20838,4/23/2024,Y,N,Outdoor
DCA,20838,1/22/2024,Y,N,Outdoor
DCA,20842,7/15/2024,Y,N,Indoor
DCA,20842,4/23/2024,Y,N,Indoor
DCA,20842,1/22/2024,Y,N,Outdoor
Columbus,G0CM265H3,7/16/2024,Y,N,Outdoor
Columbus,G0CM265RM,7/16/2024,Y,N,Outdoor
Columbus,G0CM265Y7,7/16/2024,Y,N,Outdoor
Columbus,G0CM267PP,7/16/2024,Y,N,Outdoor
Columbus,G0CM267X7,7/16/2024,Y,N,Outdoor
Columbus,G0CM2687M,7/16/2024,Y,N,Outdoor
Columbus,G0CM2692X,7/16/2024,Y,N,Outdoor
Cleveland,G0CV2DRNC,7/16/2024,Y,N,Outdoor
Cleveland,G0CV2DTUO,7/16/2024,Y,N,Outdoor
Cleveland,G0CV2DTYQ,7/16/2024,Y,N,Outdoor
AUS,G0AN29T34,1/15/2024,Y,Y,Outdoor
AUS,G0AN29T50,1/15/2024,Y,Y,Outdoor
AUS,G0AN29T6X,1/15/2024,Y,Y,Outdoor
AUS,G0AN29T7V,1/15/2024,Y,Y,Outdoor
AUS,G0AN29T8T,1/15/2024,Y,Y,Outdoor
AUS,G0AN29T9Q,1/15/2024,Y,Y,Outdoor
AUS,G0AN29TAN,1/15/2024,Y,Y,Outdoor
AUS,G0AN29TCK,1/15/2024,Y,Y,Outdoor
AUS,G0AN2D25H,7/14/2024,Y,N,Outdoor
AUS,G0AN2D26F,7/14/2024,Y,N,Outdoor
AUS,G0AN2D27F,7/14/2024,Y,N,Outdoor
AUS,G0AN2D28A,7/14/2024,Y,N,Outdoor
AUS,G0AN2D298,7/14/2024,Y,N,Outdoor
AUS,G0AN2D2A6,7/14/2024,Y,N,Outdoor
AUS,G0AN2D2D2,7/14/2024,Y,N,Outdoor
AUS,G0AN2D2GU,7/14/2024,Y,N,Outdoor
ATL,G0AT28MDG,1/17/2024 6:32,Y,N,OUTDOOR
ATL,G0AT28MK2,1/17/2024 8:06,Y,N,OUTDOOR
ATL,G0AT28MPV,1/17/2024 6:07,Y,N,OUTDOOR
ATL,G0AT28MTN,1/17/2024 6:07,Y,N,OUTDOOR
ATL,G0AT28MVH,1/17/2024 7:39,Y,N,OUTDOOR
ATL,G0AT28MWF,1/17/2024 5:38,Y,N,OUTDOOR
ATL,G0AT28N32,1/17/2024 7:33,Y,N,OUTDOOR
ATL,G0AT28N6V,1/17/2024 7:15,Y,N,OUTDOOR
ATL,G0AT2A781,4/22/2024 5:01,Y,N,OUTDOOR
ATL,G0AT2A7EP,4/22/2024 7:02,Y,N,OUTDOOR
ATL,G0AT2A7HF,4/22/2024 6:36,Y,N,OUTDOOR
ATL,G0AT2A7JD,4/22/2024 5:18,Y,N,OUTDOOR
ATL,G0AT2A7M8,4/22/2024 6:14,Y,N,OUTDOOR
ATL,G0AT2A7TX,4/22/2024 5:31,Y,N,OUTDOOR
ATL,G0AT2A7WQ,4/22/2024 5:08,Y,N,OUTDOOR
ATL,G0AT2A80H,4/22/2024 6:57,Y,N,OUTDOOR
ATL,G0AT2ER7C,4/22/2024,Y,N,Outdoor
ATL,G0AT2ER89,4/22/2024,Y,N,Outdoor
ATL,G0AT2ERA5,4/22/2024,Y,N,Outdoor
ATL,G0AT2ERMH,4/22/2024,Y,N,Outdoor
ATL,G0AT2ERQA,4/22/2024,Y,N,Outdoor
ATL,G0AT2ERU4,4/22/2024,Y,N,Outdoor
ATL,G0AT2ET1Q,4/22/2024,Y,N,Outdoor
ATL,G0AT2ET4H,4/22/2024,Y,N,Outdoor
Bay Area SFO,G0AY 36853,1/15/2024,Y,N,Outdoor
Bay Area SFO,G0AY3543Q,1/15/2024,Y,N,Outdoor
Bay Area SFO,G0AY35WQC,1/15/2024,Y,N,Outdoor
Bay Area SFO,G0AY360TZ,1/15/2024,Y,N,Outdoor
Bay Area SFO,G0AY360VX,1/15/2024,Y,N,Outdoor
Bay Area SFO,G0AY3680E,1/15/2024,Y,N,Outdoor
Bay Area SFO,G0AY369PY,1/15/2024,Y,N,Outdoor
Bay Area SFO,G0AY369QW,1/15/2024,Y,N,Outdoor
BAY AREA SFO,G0AY394X,4/16/2024,Y,N,Outdoor
BAY AREA SFO,G0AY398TK,4/16/2024,Y,N,Outdoor
BAY AREA SFO,G0AY39FGM,4/16/2024,Y,N,Outdoor
BAY AREA SFO,G0AY39FY2,4/16/2024,Y,N,Outdoor
BAY AREA SFO,G0AY39GEN,4/16/2024,Y,N,Outdoor
BAY AREA SFO,G0AY39MAK,4/16/2024,Y,N,Outdoor
BAY AREA SFO,G0AY39MGV,4/16/2024,Y,N,Outdoor
SFO Bay Area,G0AY3D2G6,7/15/2024,Y,N,Indoor
SFO Bay Area,G0AY3D6W8,7/15/2024,Y,N,Indoor
SFO Bay Area,G0AY3D86M,7/15/2024,Y,N,Indoor
SFO Bay Area,G0AY3D87J,7/15/2024,Y,N,Indoor
SFO Bay Area,G0AY3D8AC,7/15/2024,Y,N,Indoor
SFO Bay Area,G0AY3DCNJ,7/15/2024,Y,N,Indoor
SFO Bay Area,G0AY3DDV4,7/15/2024,Y,N,Indoor
SFO Bay Area,G0AY3DEV3,7/15/2024,Y,N,Indoor
CHI,G0CH3J1R5,1/22/2024,Y,N,Outdoor
CHI,G0CH3J2HK,1/22/2024,Y,N,Outdoor
CHI,G0CH3J2JH,1/22/2024,Y,N,Outdoor
CHI,G0CH3J32H,1/22/2024,Y,N,Outdoor
CHI,G0CH3J3GM,1/22/2024,Y,N,Outdoor
CHI,G0CH3J3VW,1/22/2024,Y,N,Outdoor
CHI,G0CH3J7Q1,1/22/2024,Y,N,Outdoor
CHI,G0CH3J8HD,1/22/2024,Y,N,Indoor
CHI,G0CH3NRFV,4/16/2024,Y,N,Outdoor
CHI,G0CH3NTQ8,4/16/2024,Y,N,Outdoor
CHI,G0CH3NUEV,4/16/2024,Y,N,Indoor
CHI,G0CH3NWHJ,4/16/2024,Y,N,Outdoor
CHI,G0CH3NWJG,4/16/2024,Y,N,Outdoor
CHI,G0CH3NX3E,4/16/2024,Y,N,Outdoor
CHI,G0CH3NXQ4,4/16/2024,Y,N,Outdoor
CHI,G0CH3NXUX,4/16/2024,Y,N,Outdoor
CHI,G0CH3UF87,7/22/2024,Y,N,Outdoor
CHI,G0CH3UHCY,7/22/2024,Y,N,Outdoor
CHI,G0CH3UHFR,7/22/2024,Y,N,Outdoor
CHI,G0CH3UHXT,7/22/2024,Y,N,Outdoor
CHI,G0CH3UJJG,7/22/2024,Y,N,Outdoor
CHI,G0CH3UJN9,7/22/2024,Y,N,Outdoor
CHI,G0CH3UPJC,7/22/2024,Y,N,Outdoor
CHI,G0CH3UQ8Y,7/22/2024,Y,N,Outdoor
Columbus,G0CM250M4,1/15/2024,Y,N,Outdoor
Columbus,G0CM250N2,1/15/2024,Y,N,Outdoor
Columbus,G0CM250RV,1/15/2024,Y,N,Outdoor
Columbus,G0CM2517X,1/15/2024,Y,N,Outdoor
Columbus,G0CM251J7,1/15/2024,Y,N,Outdoor
Columbus,G0CM252AP,1/15/2024,Y,N,Outdoor
Columbus,G0CM252GA,1/15/2024,Y,N,Outdoor
Columbus,G0CM252H8,1/15/2024,Y,N,Outdoor
Columbus,G0CM262NX,4/15/2024,Y,N,Outdoor
Columbus,G0CM26324,4/15/2024,Y,N,Outdoor
Columbus,G0CM263RP,4/15/2024,Y,N,Outdoor
Columbus,G0CM263TM,4/15/2024,Y,N,Outdoor
Columbus,G0CM26431,4/15/2024,Y,N,Outdoor
Columbus,G0CM2646U,4/15/2024,Y,N,Outdoor
Columbus,G0CM2648P,4/15/2024,Y,N,Outdoor
Columbus,G0CM2649M,4/15/2024,Y,N,Outdoor
Columbus,G0CM267TG,7/16/2024,Y,N,Outdoor
Cincinnati,G0CN214UT,1/15/2024,Y,N,Outdoor
Cincinnati,G0CN2151D,1/15/2024,Y,N,Outdoor
Cincinnati,G0CN215M5,1/15/2024,Y,N,Outdoor
Cincinnati,G0CN215N3,1/15/2024,Y,N,Outdoor
Cincinnati,G0CN21AFC,1/15/2024,Y,N,Outdoor
Cincinnati,G0CN21ANX,1/15/2024,Y,N,Outdoor
Cincinnati,G0CN21AUK,1/15/2024,Y,N,Outdoor
Cincinnati,G0CN21CUJ,1/15/2024,Y,N,Outdoor
Cincinnati,G0CN22AAJ,4/15/2024,Y,N,Outdoor
Cincinnati,G0CN22ANV,4/15/2024,Y,N,Outdoor
Cincinnati,G0CN22C14,4/15/2024,Y,N,Outdoor
Cincinnati,G0CN22D8M,4/15/2024,Y,N,Outdoor
Cincinnati,G0CN22DH2,4/15/2024,Y,N,Outdoor
Cincinnati,G0CN22DMV,4/15/2024,Y,N,Outdoor
Cincinnati,G0CN22DNT,4/15/2024,Y,N,Outdoor
Cincinnati,G0CN22DQN,4/15/2024,Y,N,Outdoor
Cincinnati,G0CN23A13,7/16/2024,Y,N,Outdoor
Cincinnati,G0CN23AUF,7/16/2024,Y,N,Outdoor
Cincinnati,G0CN23CDA,7/16/2024,Y,N,Outdoor
Cincinnati,G0CN23CG3,7/16/2024,Y,N,Outdoor
Cincinnati,G0CN23CPP,7/16/2024,Y,N,Outdoor
Cincinnati,G0CN23CVC,7/16/2024,Y,N,Outdoor
Cincinnati,G0CN23DNQ,7/16/2024,Y,N,Outdoor
Cincinnati,G0CN23DRH,7/16/2024,Y,N,Outdoor
Cleveland,G0CV29358,1/15/2024,Y,N,Outdoor
Cleveland,G0CV29366,1/15/2024,Y,N,Outdoor
Cleveland,G0CV29374,1/15/2024,Y,N,Outdoor
Cleveland,G0CV293GJ,1/15/2024,Y,N,Outdoor
Cleveland,G0CV293HG,1/15/2024,Y,N,Outdoor
Cleveland,G0CV293JE,1/15/2024,Y,N,Outdoor
Cleveland,G0CV293P5,1/15/2024,Y,N,Outdoor
Cleveland,G0CV293R1,1/15/2024,Y,N,Outdoor
Cleveland,G0CV2AK6M,4/15/2024,Y,N,Outdoor
Cleveland,G0CV2AK9E,4/15/2024,Y,N,Outdoor
Cleveland,G0CV2AKAC,4/15/2024,Y,N,Outdoor
Cleveland,G0CV2AKC9,4/15/2024,Y,N,Outdoor
Cleveland,G0CV2AKE5,4/15/2024,Y,N,Outdoor
Cleveland,G0CV2AKGO,4/15/2024,Y,N,Outdoor
Cleveland,G0CV2AKV8,4/15/2024,Y,N,Outdoor
Cleveland,G0CV2AKY2,4/15/2024,Y,N,Outdoor
Cleveland,G0CV2DRKG,7/16/2024,Y,N,Outdoor
Cleveland,G0CV2DRME,7/16/2024,Y,N,Outdoor
Cleveland,G0CV2DTR4,7/16/2024,Y,N,Outdoor
Cleveland,G0CV2DTVX,7/16/2024,Y,N,Outdoor
Cleveland,G0CV2DU2H,7/16/2024,Y,N,Outdoor
DALLAS,G0DA2P6P9,1/21/2024,Y,N,OUTDOOR
DALLAS,G0DA2P6T3,1/21/2024,Y,N,OUTDOOR
DALLAS,G0DA2P6WW,1/21/2024,Y,N,OUTDOOR
DALLAS,G0DA2P7EU,1/21/2024,Y,N,OUTDOOR
DALLAS,G0DA2P7T2,1/21/2024,Y,N,OUTDOOR
DALLAS,G0DA2P7UO,1/21/2024,Y,N,OUTDOOR
DALLAS,G0DA2P7XT,1/21/2024,Y,N,OUTDOOR
DALLAS,G0DA2P81K,1/21/2024,Y,N,OUTDOOR
DALLAS,G0DA2R7JD,4/15/2024,Y,N,Outdoor
DALLAS,G0DA2R7M8,4/15/2024,Y,N,Outdoor
DALLAS,G0DA2R7Q2,4/15/2024,Y,N,Outdoor
DALLAS,G0DA2R7VT,4/15/2024,Y,N,Outdoor
DALLAS,G0DA2R82D,4/15/2024,Y,N,Outdoor
Dallas,G0DA2R90G,7/15/2024,Y,N,Outdoor
Dallas,G0DA2T9WK,7/15/2024,Y,N,Outdoor
Dallas,G0DA2TA36,7/15/2024,Y,N,Outdoor
Dallas,G0DA2TKH1,7/15/2024,Y,N,Outdoor
Dallas,G0DA2U71C,7/15/2024,Y,N,Outdoor
Dallas,G0DA2UDDF,7/15/2024,Y,N,Outdoor
Dallas,G0DA2UDTM,7/15/2024,Y,N,Outdoor
Dallas,G0DA2UE7R,7/15/2024,Y,N,Outdoor
DETROIT,G0DT3A770,1/23/2024,Y,N,Outdoor
DETROIT,G0DT3A7K7,1/23/2024,Y,N,Outdoor
DETROIT,G0DT3A8VN,1/23/2024,Y,N,Outdoor
DETROIT,G0DT3A952,1/23/2024,Y,N,Outdoor
DETROIT,G0DT3A960,1/23/2024,Y,N,Outdoor
DETROIT,G0DT3AC26,1/23/2024,Y,N,Outdoor
DETROIT,G0DT3AC9Q,1/23/2024,Y,N,Outdoor
DETROIT,G0DT3ACEF,1/23/2024,Y,N,Outdoor
DETROIT,G0DT3DX2G,4/16/2024,Y,N,Outdoor
DETROIT,G0DT3E253,4/16/2024,Y,N,Outdoor
DETROIT,G0DT3E3N1,4/16/2024,Y,N,Outdoor
DETROIT,G0DT3E3YE,4/16/2024,Y,N,Outdoor
DETROIT,G0DT3E451,4/16/2024,Y,N,Outdoor
DETROIT,G0DT3E46Y,4/16/2024,Y,N,Outdoor
DETROIT,G0DT3E518,4/16/2024,Y,N,Outdoor
DETROIT,G0DT3E5WG,4/16/2024,Y,N,Outdoor
LANSING (DETROIT),G0DT3HK1K,7/22/2024,Y,N,Outdoor
LANSING (DETROIT),G0DT3HKWU,7/22/2024,Y,Partial,Outdoor
LANSING (DETROIT),G0DT3HMER,7/22/2024,Y,N,Outdoor
LANSING (DETROIT),G0DT3HP73,7/22/2024,Y,N,Outdoor
LANSING (DETROIT),G0DT3HPGH,7/22/2024,Y,Partial,Outdoor
LANSING (DETROIT),G0DT3HQ2D,7/22/2024,Y,N,Outdoor
LANSING (DETROIT),G0DT3HQFK,7/22/2024,Y,Partial,Outdoor
LANSING (DETROIT),G0DT3HQJC,7/22/2024,Y,N,Outdoor
LANSING (DETROIT),G0DT3MGJD,10/14/2024,Y,N,Outdoor
LANSING (DETROIT),G0DT3MJYH,10/14/2024,Y,N,Outdoor
LANSING (DETROIT),G0DT3MM1C,10/14/2024,Y,N,Outdoor
LANSING (DETROIT),G0DT3MMXH,10/14/2024,Y,N,Outdoor
LANSING (DETROIT),G0DT3MN28,10/14/2024,Y,N,Outdoor
LANSING (DETROIT),G0DT3MN52,10/14/2024,Y,N,Outdoor
LANSING (DETROIT),G0DT3MNCN,10/14/2024,Y,N,Outdoor
LANSING (DETROIT),G0DT3MNH9,10/14/2024,Y,N,Outdoor
Denver,G0DV2FM69,19-Dec-23,N,Partial,Outdoor
Denver,G0DV2FM93,19-Dec-23,N,N,Outdoor
Denver,G0DV2FMDW,19-Dec-23,N,N,Outdoor
Denver,G0DV2FMFR,19-Dec-23,N,N,Outdoor
Denver,G0DV2FMKF,19-Dec-23,N,N,Outdoor
Denver,G0DV2FMP8,19-Dec-23,N,N,Outdoor
Denver,G0DV2FMR4,19-Dec-23,N,N,Outdoor
Denver,G0DV2FMT2,19-Dec-23,N,N,Outdoor
Denver,G0DV2FMVX,19-Dec-23,N,N,Outdoor
Denver,G0DV2FMWV,19-Dec-23,N,N,Outdoor
Denver,G0DV2FMYQ,19-Dec-23,N,N,Outdoor
Denver,G0DV2FNON,19-Dec-23,N,Partial,Outdoor
DEN,G0DV2KAMD,7/24/2024,N,N,Outdoor
DEN,G0DV2KGDQ,7/24/2024,N,N,Outdoor
DEN,G0DV2KGEN,7/24/2024,N,N,Outdoor
DEN,G0DV2KGGG,7/24/2024,N,N,Outdoor
DEN,G0DV2KGHE,7/24/2024,N,N,Outdoor
DEN,G0DV2KGK9,7/24/2024,N,N,Outdoor
DEN,G0DV2KH39,7/24/2024,N,N,Outdoor
DEN,G0DV2KH9W,7/24/2024,N,N,Outdoor
SEA,G0EA2FTP5,1/15/2024,Y,N,Outdoor
SEA,G0EA2FTQ3,1/15/2024,Y,N,Outdoor
SEA,G0EA2FTTY,1/15/2024,Y,N,Outdoor
SEA,G0EA2FTXP,1/15/2024,Y,N,Outdoor
SEA,G0EA2FU1G,1/15/2024,Y,N,Outdoor
SEA,G0EA2FU3C,1/15/2024,Y,N,Transit
SEA,G0EA2FU65,1/15/2024,Y,N,Transit
SEA,G0EA2FU81,1/15/2024,Y,N,Transit
SEA,G0EA2HR2A,4/16/2024,Y,N,Transit
SEA,G0EA2HR46,4/16/2024,Y,N,Transit
SEA,G0EA2HR70,4/16/2024,Y,N,Outdoor
SEA,G0EA2HR9V,4/16/2024,Y,N,Outdoor
SEA,G0EA2HRCQ,4/16/2024,Y,N,Outdoor
SEA,G0EA2HRFH,4/16/2024,Y,N,Outdoor
SEA,G0EA2HRGE,4/16/2024,Y,N,Outdoor
SEA,G0EA2HROF,4/16/2024,Y,N,Transit
SEA,G0EA2KUMY,7/24/2024,Y,N,Outdoor
SEA,G0EA2KUQR,7/24/2024,Y,N,Outdoor
SEA,G0EA2KW6T,7/24/2024,Y,N,Transit
SEA,G0EA2KW8N,7/24/2024,Y,N,Indoor
SEA,G0EA2KWAH,7/24/2024,Y,N,Transit
SEA,G0EA2KWCF,7/24/2024,Y,N,Outdoor
SEA,G0EA2KWF8,7/24/2024,Y,N,Outdoor
SEA,G0EA2KWG5,7/24/2024,Y,N,Outdoor
El Paso,G0EP2D2NA,4/15/2024,Y,N,Outdoor
El Paso,G0EP2D2Q6,4/15/2024,Y,N,Outdoor
El Paso,G0EP2D2R4,4/15/2024,Y,N,Outdoor
El Paso,G0EP2D2VX,4/15/2024,Y,N,Outdoor
El Paso,G0EP2D2WV,4/15/2024,Y,N,Outdoor
El Paso,G0EP2D4FP,4/15/2024,Y,N,Outdoor
El Paso,G0EP2D4HH,4/15/2024,Y,N,Outdoor
El Paso,G0EP2D4JF,4/15/2024,Y,N,Outdoor
FORT WORTH,G0FW2E3X8,1/21/2024,Y,N,OUTDOOR
FORT WORTH,G0FW2E43X,1/21/2024,Y,N,OUTDOOR
FORT WORTH,G0FW2E44V,1/21/2024,Y,N,OUTDOOR
FORT WORTH,G0FW2E46Q,1/21/2024,Y,N,OUTDOOR
FORT WORTH,G0FW2E47N,1/21/2024,Y,N,OUTDOOR
FORT WORTH,G0FW2E49H,1/21/2024,Y,N,OUTDOOR
FORT WORTH,G0FW2E4E8,1/21/2024,Y,N,OUTDOOR
FORT WORTH,G0FW2E4G3,1/21/2024,Y,N,OUTDOOR
FORT WORTH,G0FW2FEV0,4/14/2024,Y,N,Special Event
FORT WORTH,G0FW2FF1N,4/14/2024,Y,N,Special Event
FORT WORTH,G0FW2FF4F,4/14/2024,Y,N,Special Event
FORT WORTH,G0FW2FFEV,4/14/2024,Y,N,Special Event
FORT WORTH,G0FW2FNXM,4/12/2024,Y,N,Special Event
FORT WORTH,G0FW2FPM6,4/12/2024,Y,N,Special Event
FORT WORTH,G0FW2FPQ0,4/12/2024,Y,N,Special Event
FORT WORTH,G0FW2FQ1D,4/13/2024,Y,N,Special Event
FORT WORTH,G0FW2FQ2A,4/13/2024,Y,N,Special Event
FORT WORTH,G0FW2FQ46,4/12/2024,Y,N,Special Event
FORT WORTH,G0FW2FQEK,4/13/2024,Y,N,Special Event
FORT WORTH,G0FW2FQFH,4/13/2024,Y,N,Special Event
FORT WORTH,G0FW2FQVP,4/15/2024,Y,N,Outdoor
FORT WORTH,G0FW2FR29,4/15/2024,Y,N,Outdoor
FORT WORTH,G0FW2FR37,4/15/2024,Y,N,Outdoor
FORT WORTH,G0FW2FR45,4/15/2024,Y,N,Special Event
FORT WORTH,G0FW2FR9U,4/15/2024,Y,N,Special Event
FORT WORTH,G0FW2FRDM,4/15/2024,Y,N,Special Event
FORT WORTH,G0FW2FRGD,4/15/2024,Y,N,Special Event
Ft. Worth,G0FW2HFCU,7/15/2024,Y,N,Outdoor
Ft. Worth,G0FW2HFFM,7/15/2024,Y,N,Outdoor
Ft. Worth,G0FW2HGHE,7/15/2024,Y,N,Outdoor
Ft. Worth,G0FW2HGRY,7/15/2024,Y,N,Outdoor
Ft. Worth,G0FW2HGXM,7/15/2024,Y,N,Outdoor
Ft. Worth,G0FW2HH39,7/15/2024,Y,N,Outdoor
Ft. Worth,G0FW2HH63,7/15/2024,Y,N,Outdoor
Ft. Worth,G0FW2HHOG,7/15/2024,Y,N,Outdoor
Galveston,G0GA1M81N,1/23/2024,Y,N,Outdoor
Galveston,G0GA1M82K,1/23/2024,Y,N,Outdoor
Galveston,G0GA1M83H,1/23/2024,Y,N,Outdoor
Galveston,G0GA1MM43,4/23/2024,Y,N,Outdoor
Galveston,G0GA1MM51,4/23/2024,Y,N,Outdoor
Galveston,G0GA1MM6Y,4/23/2024,Y,N,Outdoor
Galveston,G0GA1MXV9,7/23/2024,Y,N,Outdoor
Galveston,G0GA1MXW7,7/23/2024,Y,N,Outdoor
Galveston,G0GA1MXX5,7/23/2024,Y,N,Outdoor
"Miami, VI",G0HD2VE3K,1/15/2024,N,N,Outdoor
"Miami, Fl",G0HD2VELD,1/15/2024,N,N,Outdoor
Houston,G0HN3FE04,1/23/2024,Y,N,Outdoor
Houston,G0HN3FEAF,1/23/2024,Y,N,Outdoor
Houston,G0HN3FEF6,1/23/2024,Y,N,Outdoor
Houston,G0HN3FEH1,1/23/2024,Y,N,Outdoor
Houston,G0HN3FEST,1/23/2024,Y,N,Outdoor
Houston,G0HN3JKFT,4/23/2024,Y,Y,Outdoor
Houston,G0HN3JKQ7,4/23/2024,Y,N,Outdoor
Houston,G0HN3JKR5,4/23/2024,Y,N,Outdoor
Houston,G0HN3JKT3,4/23/2024,Y,N,Outdoor
Houston,G0HN3JKVY,4/23/2024,Y,Y,Outdoor
Houston,G0HN3NKFK,7/23/2024,Y,N,Outdoor
Houston,G0HN3NKGG,7/23/2024,Y,N,Outdoor
Houston,G0HN3NKK9,7/23/2024,Y,N,Outdoor
Houston,G0HN3NKYJ,7/23/2024,Y,N,Outdoor
Houston,G0HN3NMDP,7/23/2024,Y,N,Outdoor
"Miami, 71",G0HR2EDDY,1/15/2024,N,N,outdoor
"Miami, Fl",G0HRZED8E,1/15/2024,N,N,outdoor
JAX,G0JA25RMT,2/7/2024,N,N,Outdoor
JAX,G0JA25RNQ,2/7/2024,N,N,Outdoor
JAX,G0JA25RPN,2/7/2024,N,N,Outdoor
JAX,G0JA25RRH,2/7/2024,N,N,Outdoor
JAX,G0JA25RW8,2/7/2024,N,N,Outdoor
JAX,G0JA25RX6,2/7/2024,N,N,Outdoor
JAX,G0JA25RY4,2/7/2024,N,N,Outdoor
JAX,G0JA25T02,2/7/2024,N,N,Outdoor
Jax,G0JA2701N,1/17/2024,N,N,outdoor
Jax,G0JA2703H,1/17/2024,N,N,outdoor
Jax,G0JA2705D,1/17/2024,N,N,outdoor
Jax,G0JA2706A,1/17/2024,N,N,outdoor
Jax,G0JA27094,1/17/2024,N,N,outdoor
Jax,G0JA270A2,1/17/2024,N,N,outdoor
Jax,G0JA270C0,1/17/2024,N,N,outdoor
Jax,G0JA270DX,1/17/2024,N,N,outdoor
Jacksonville,G0JA27FMY,4/17/2024,Y,Y,Outdoor
Jacksonville,G0JA27FNW,4/17/2024,Y,Partial,Outdoor
Jacksonville,G0JA27FPU,4/17/2024,Y,Y,Outdoor
Jacksonville,G0JA27FTM,4/17/2024,Y,Y,Outdoor
Jacksonville,G0JA27FVG,4/17/2024,Y,Partial,Outdoor
Jacksonville,G0JA27FXC,4/17/2024,Y,Partial,Outdoor
Jacksonville,G0JA27FY9,4/17/2024,Y,Y,Outdoor
Jacksonville,G0JA27G07,4/17/2024,Y,Partial,Outdoor
JAX,G0JA2961A,7/22/2024,N,N,Outdoor
JAX,G0JA29628,7/22/2024,N,N,Outdoor
JAX,G0JA29660,7/22/2024,N,N,Outdoor
JAX,G0JA2967X,7/22/2024,N,N,Outdoor
JAX,G0JA2968V,7/22/2024,N,N,Outdoor
JAX,G0JA2969T,7/22/2024,N,N,Outdoor
JAX,G0JA296AQ,7/22/2024,N,N,Outdoor
JAX,G0JA296DK,7/22/2024,N,N,Outdoor
"Miami, FL",G0MD2VEWY,1/17/2024,Y,N,Outdoor
"Miami, FL",G0MD2VFFU,1/17/2024,Y,N,Outdoor
"Miami, FL",G0MD2VFJK,1/17/2024,Y,N,Outdoor
"Miami, FL",G0MD2VFND,1/17/2024,Y,N,Outdoor
"Miami, FL",G0MD2VFYT,1/17/2024,Y,N,Outdoor
"Miami, Fl",G0MD2VQ71,2/12/2024,Y,N,Outdoor
"Miami, Fl",G0MD2VW8T,2/11/2024,Y,N,Outdoor
"Miami, Fl",G0MD2VXMO,2/12/2024,Y,N,Outdoor
"Miami, Fl",G0MD2VXPV,2/11/2024,Y,N,Outdoor
"Miami, Fl",G0MD2VXWF,2/11/2024,Y,N,Outdoor
"Miami, Fl",G0MD2VY8Q,2/12/2024,Y,N,Outdoor
"Miami, Fl",G0MD2VYED,2/12/2024,Y,N,Outdoor
"Miami, Fl",G0MD2VYJ3,2/11/2024,Y,N,Outdoor
"Miami, Fl",G0MD2VYK1,2/12/2024,Y,N,Outdoor
"Miami, Fl",G0MD2VYRP,2/11/2024,Y,N,Outdoor
"Miami, FL",G0MD2WYH3,4/21/2024,Y,N,Outdoor
"Miami, FL",G0MD2X92N,4/21/2024,Y,N,Outdoor
"Miami, FL",G0MD2X95F,4/21/2024,Y,N,Outdoor
"Miami, FL",G0MD2X96D,4/23/2024,Y,N,Outdoor
"Miami, FL",G0MD2X9GR,4/21/2024,Y,N,Outdoor
"Miami, FL",G0MD2X9R7,4/21/2024,Y,N,Outdoor
"Miami, FL",G0MD2XPQW,4/22/2024,Y,N,Outdoor
"Miami, FL",G0MD2XPRU,4/23/2024,Y,N,Outdoor
"Miami, FL",G0MD2XPTR,4/22/2024,Y,N,Outdoor
"Miami, FL",G0MD2XPXG,4/22/2024,Y,N,Outdoor
"Miami, FL",G0MD2XQ35,4/22/2024,Y,N,Outdoor
"Miami, FL",G0MD2XQ7W,4/23/2024,Y,N,Outdoor
"Miami, FL",G0MD2XQ9R,4/22/2024,Y,N,Outdoor
"Miami, FL",G0MD2XQAP,4/23/2024,Y,N,Outdoor
"Miami, FL",G0MD2XQEG,4/23/2024,Y,N,Outdoor
"Miami, FL",G0MD2YRK1,7/21/2024,Y,N,Outdoor
"Miami, FL",G0MD2YRMY,7/21/2024,Y,N,Outdoor
"Miami, FL",G0MD2YRRP,7/21/2024,Y,N,Outdoor
"Miami, FL",G0MD2YRXC,7/23/2024,Y,N,Outdoor
"Miami, FL",G0MD2YT07,7/23/2024,Y,N,Outdoor
"Miami, FL",G0MD2YTCG,7/21/2024,Y,N,Outdoor
"Miami, FL",G0MD30Q5W,7/21/2024,Y,N,Outdoor
"Miami, FL",G0MD30R5V,7/23/2024,Y,N,Outdoor
"Miami, FL",G0MD30RAH,7/23/2024,Y,N,Outdoor
"Miami, FL",G0MD30RCF,7/23/2024,Y,N,Outdoor
"Miami, FL",G0MD30RUG,7/23/2024,Y,N,Outdoor
"Miami, FL",G0MD30T13,7/23/2024,Y,N,Outdoor
"Miami, FL",G0MD30T6R,7/23/2024,Y,N,Outdoor
"Miami, FL",G0MD30TH2,7/23/2024,Y,N,Outdoor
"Miami, FL",G0MD30TPQ,7/23/2024,Y,N,Outdoor
"Miami, FL",G0MDEVEGR,1/16/2024,y,N,Outdoor
"Miami, FL",G0MDVAYX,1/16/2024,Y,N,Outdoor
"Miami, FL",G0MDZVCA6,1/16/2024,y,N,Outdoor
"Miami, FL",G0MDZVCHR,1/16/2024,Y,N,Outdoor
"Miami, FL",G0MDZVCSH,1/16/2024,Y,N,Outdoor
MIL,G0MK2A8VV,1/22/2024,Y,N,Outdoor
MIL,G0MK2A8WT,1/22/2024,Y,N,Outdoor
MIL,G0MK2A91H,1/22/2024,Y,N,Outdoor
MIL,G0MK2A92F,1/22/2024,Y,N,Outdoor
MIL,G0MK2A958,1/22/2024,Y,N,Outdoor
MIL,G0MK2A966,1/22/2024,Y,N,Outdoor
MIL,G0MK2A982,1/22/2024,Y,N,Outdoor
MIL,G0MK2A9AX,1/22/2024,Y,N,Outdoor
MIL,G0MK2CM14,4/16/2024,Y,N,Outdoor
MIL,G0MK2CM30,4/16/2024,Y,N,Outdoor
MIL,G0MK2CM4X,4/16/2024,Y,N,Outdoor
MIL,G0MK2CM5V,4/16/2024,Y,N,Outdoor
MIL,G0MK2CM8N,4/16/2024,Y,N,Outdoor
MIL,G0MK2CMAH,4/16/2024,Y,N,Outdoor
MIL,G0MK2CMDD,4/16/2024,Y,N,Outdoor
MIL,G0MK2CMEA,4/16/2024,Y,N,Outdoor
MIL,G0MK2EC50,7/22/2024,Y,N,Outdoor
MIL,G0MK2EC6X,7/22/2024,Y,N,Outdoor
MIL,G0MK2EC7V,7/22/2024,Y,N,Outdoor
MIL,G0MK2ECAN,7/22/2024,Y,N,Outdoor
MIL,G0MK2ECEF,7/22/2024,Y,N,Outdoor
MIL,G0MK2ECFD,7/22/2024,Y,N,Outdoor
MIL,G0MK2ECG9,7/22/2024,Y,N,Outdoor
MIL,G0MK2ECQU,7/22/2024,Y,N,Outdoor
MSP,G0MN2JU7Y,1/22/2024,Y,N,Transit
MSP,G0MN2JUAR,1/22/2024,Y,N,Outdoor
MSP,G0MN2JVWJ,1/22/2024,Y,N,Outdoor
MSP,G0MN2JW35,1/22/2024,Y,N,Outdoor
MSP,G0MN2JWDJ,1/22/2024,Y,N,Outdoor
MSP,G0MN2JWGA,1/22/2024,Y,N,Special Event
MSP,G0MN2JWOC,1/22/2024,Y,N,Transit
MSP,G0MN2JWTQ,1/22/2024,Y,N,Outdoor
MSP,G0MN2MDHM,4/15/2024,Y,N,Outdoor
MSP,G0MN2MDME,4/15/2024,Y,N,Transit
MSP,G0MN2MEWV,4/15/2024,Y,N,Special Event
MSP,G0MN2MF5A,4/15/2024,Y,N,Transit
MSP,G0MN2MF76,4/15/2024,Y,N,Outdoor
MSP,G0MN2MFA0,4/15/2024,Y,N,Outdoor
MSP,G0MN2MFHJ,4/15/2024,Y,N,Outdoor
MSP,G0MN2MFR3,4/15/2024,Y,N,Outdoor
"Miami, FL",G0MR2EAGO,1/17/2024,Y,N,Outdoor
"Miami, FL",G0MR2EE8D,1/17/2024,Y,N,Outdoor
"Miami, FL",G0MR2EEOX,1/17/2024,Y,N,Outdoor
"Miami, Fl",G0MR2EPAO,2/11/2024,Y,N,Outdoor
"Miami, Fl",G0MR2ETFM,2/12/2024,Y,N,Outdoor
"Miami, Fl",G0MR2ETXN,2/11/2024,Y,Partial,Outdoor
"Miami, Fl",G0MR2EU1F,2/11/2024,Y,N,Outdoor
"Miami, Fl",G0MR2EU80,2/12/2024,Y,N,Outdoor
"Miami, Fl",G0MR2EUCT,2/12/2024,Y,N,Outdoor
"Miami, FL",G0MR2GD2N,4/21/2024,Y,N,Outdoor
"Miami, FL",G0MR2GEMF,4/21/2024,Y,N,Outdoor
"Miami, FL",G0MR2GEQ8,4/22/2024,Y,N,Outdoor
"Miami, FL",G0MR2GEU2,4/21/2024,Y,N,Outdoor
"Miami, FL",G0MR2GFVY,4/22/2024,Y,N,Outdoor
"Miami, FL",G0MR2GFYR,4/22/2024,Y,N,Outdoor
"Miami, FL",G0MR2GJGK,4/23/2024,Y,N,Outdoor
"Miami, FL",G0MR2GJKD,4/23/2024,Y,N,Outdoor
"Miami, FL",G0MR2GJP6,4/23/2024,Y,N,Outdoor
"Miami, FL",G0MR2JYMT,7/21/2024,Y,N,Outdoor
"Miami, FL",G0MR2JYQK,7/21/2024,Y,N,Outdoor
"Miami, FL",G0MR2JYUD,7/21/2024,Y,N,Outdoor
"Miami, FL",G0MR2K2GW,7/23/2024,Y,N,Outdoor
"Miami, FL",G0MR2K2KP,7/23/2024,Y,N,Outdoor
"Miami, FL",G0MR2K2PG,7/23/2024,Y,N,Outdoor
"Miami, FL",G0MR2KOGY,7/23/2024,Y,N,Outdoor
"Miami, FL",G0MR2KOV7,7/23/2024,Y,N,Outdoor
"Miami, FL",G0MR2KOY1,7/23/2024,Y,N,Outdoor
"Miami, FL",G0MRZECEK,1/16/2024,y,Partial,Outdoor
"Miami, FL",G0MRZECZO,1/16/2024,Y,N,Outdoor
"Miami, FL",G0MRZECZT,1/16/2024,Y,N,Outdoor
"Miami, VI",G0MRZEDCT,1/15/2024,N,N,outdoor
IND,G0NA1WVGD,1/22/2024,Y,N,Outdoor
IND,G0NA1WVK6,1/22/2024,Y,N,Outdoor
IND,G0NA1WVPO,1/22/2024,Y,N,Outdoor
IND,G0NA1WVTT,1/22/2024,Y,N,Outdoor
IND,G0NA1WW36,1/22/2024,Y,N,Outdoor
IND,G0NA1WW60,1/22/2024,Y,N,Outdoor
IND,G0NA1WW9T,1/22/2024,Y,N,Outdoor
IND,G0NA1WWYE,1/22/2024,Y,N,Outdoor
IND,G0NA1XM3D,4/16/2024,Y,N,Outdoor
IND,G0NA1XM66,4/16/2024,Y,N,Outdoor
IND,G0NA1XMVU,4/16/2024,Y,N,Outdoor
IND,G0NA1XMYM,4/16/2024,Y,N,Outdoor
IND,G0NA1XN3C,4/16/2024,Y,N,Outdoor
IND,G0NA1XN65,4/16/2024,Y,N,Outdoor
IND,G0NA1XN9Y,4/16/2024,Y,N,Outdoor
IND,G0NA1XNN6,4/16/2024,Y,N,Outdoor
IND,G0NA1YJVU,7/22/2024,Y,N,Outdoor
IND,G0NA1YJYM,7/22/2024,Y,N,Outdoor
IND,G0NA1YK2E,7/22/2024,Y,N,Outdoor
IND,G0NA1YK57,7/22/2024,Y,N,Outdoor
IND,G0NA1YKEP,7/22/2024,Y,N,Outdoor
IND,G0NA1YKHF,7/22/2024,Y,N,Outdoor
IND,G0NA1YM64,7/22/2024,Y,N,Outdoor
IND,G0NA1YM9X,7/22/2024,Y,N,Outdoor
"San Diego, CA",G0ND25T3M,1/30/2024,Y,N,Outdoor
"San Diego, CA",G0ND25T6E,1/30/2024,Y,N,Outdoor
"San Diego, CA",G0ND25TD1,1/30/2024,Y,N,Outdoor
"San Diego, CA",G0ND25TGT,1/30/2024,Y,N,Outdoor
"San Diego, CA",G0ND25TKK,1/30/2024,Y,N,Outdoor
"San Diego, CA",G0ND25TPD,1/30/2024,Y,N,Outdoor
"San Diego, CA",G0ND25TT6,1/30/2024,Y,N,Outdoor
"San Diego, CA",G0ND25TV2,1/30/2024,Y,N,Outdoor
"San Diego, CA",G0ND26X91,4/23/2024,Y,N,Outdoor
"San Diego, CA",G0ND26XDU,4/23/2024,Y,N,Outdoor
"San Diego, CA",G0ND26XGK,4/23/2024,Y,N,Outdoor
"San Diego, CA",G0ND26XKD,4/23/2024,Y,N,Outdoor
"San Diego, CA",G0ND26XWT,4/23/2024,Y,N,Outdoor
"San Diego, CA",G0ND26Y2F,4/23/2024,Y,N,Outdoor
"San Diego, CA",G0ND26YOK,4/23/2024,Y,N,Outdoor
"San Diego, CA",G0ND26YXP,4/23/2024,Y,N,Outdoor
San Diego,G0ND28219,7/16/2024,Y,N,Outdoor
San Diego,G0ND28235,7/16/2024,Y,N,Outdoor
San Diego,G0ND2826Y,7/16/2024,Y,N,Outdoor
San Diego,G0ND282AP,7/16/2024,Y,N,Outdoor
San Diego,G0ND282EG,7/16/2024,Y,N,Outdoor
San Diego,G0ND282H8,7/16/2024,Y,N,Outdoor
San Diego,G0ND282NO,7/16/2024,Y,N,Outdoor
San Diego,G0ND282QV,7/16/2024,Y,N,Outdoor
"Miami, Fl",G0NDOVIEW,1/15/2024,N,N,Outdoor
Pavonia North NJ,G0NJ2595M,12/19/2023,Y,N,Indoor
Hoboken North NJ,G0NJ2597G,12/19/2023,Y,N,Indoor
Secaucus North NJ,G0NJ259C7,12/19/2023,y,N,Indoor
Pennsauken South NJ,G0NJ259JT,12/19/2023,Y,N,Outdoor
Somerdale South NJ,G0NJ259W4,12/19/2023,Y,N,Outdoor
East Orange North NJ,G0NJ25A9A,12/19/2023,Y,N,Outdoor
East Rutherford North NJ,G0NJ25AD4,12/19/2023,Y,N,Outdoor
Secaucus North NJ,G0NJ25C6G,12/18/2023,N,N,Indoor
Pavonia North NJ,G0NJ25C8C,12/18/2023,N,N,Indoor
Passaic North NJ,G0NJ25CD3,12/18/2023,N,N,Outdoor
Newark North NJ,G0NJ25CE1,12/18/2023,N,N,Outdoor
Deptford South NJ,G0NJ25CFY,12/18/2023,N,N,Outdoor
Mount Laurel South NJ,G0NJ25CT8,12/18/2023,N,N,Outdoor
Cherry Hill South NJ,G0NJ25CW2,12/18/2023,N,N,Outdoor
Camden South NJ,G0NJ25D1T,12/18/2023,N,N,Outdoor
Trenton NJ,G0NJ25U8W,1/22/2024,Y,N,Outdoor
Trenton NJ,G0NJ25UAR,1/22/2024,Y,N,Outdoor
Trenton NJ,G0NJ25UJ8,1/22/2024,Y,N,Indoor
Trenton NJ,G0NJ25V1A,1/22/2024,Y,N,Indoor
Trenton NJ,G0NJ25V9T,1/22/2024,Y,N,Outdoor
Trenton NJ,G0NJ25VH9,1/22/2024,Y,N,Outdoor
Trenton NJ,G0NJ25VOD,1/22/2024,Y,N,Outdoor
Trenton NJ,G0NJ25VYE,1/22/2024,Y,N,Outdoor
Trenton NJ,G0NJ28Q9Q,7/16/2024,Y,N,Outdoor
Trenton NJ,G0NJ28QAN,7/16/2024,Y,N,Outdoor
Trenton NJ,G0NJ28QCK,7/16/2024,Y,N,Outdoor
Trenton NJ,G0NJ28QEF,7/16/2024,Y,N,Outdoor
Trenton NJ,G0NJ28QG9,7/16/2024,Y,N,Outdoor
Trenton NJ,G0NJ28QH7,7/16/2024,Y,N,Outdoor
Trenton NJ,G0NJ28QM1,7/16/2024,Y,N,Indoor
Trenton NJ,G0NJ28R25,7/16/2024,Y,N,Indoor
SAT,G0NT2D91Y,4/14/2024,Y,N,Outdoor
SAT,G0NT2D92W,4/14/2024,Y,N,Outdoor
SAT,G0NT2D97J,4/14/2024,Y,N,Outdoor
SAT,G0NT2D9G0,4/14/2024,Y,N,Outdoor
SAT,G0NT2D9HX,4/14/2024,Y,Partial,Outdoor
SAT,G0NT2D9JV,4/14/2024,Y,N,Outdoor
SAT,G0NT2D9MQ,4/14/2024,Y,N,Outdoor
SAT,G0NT2D9QH,4/14/2024,Y,N,Outdoor
SAT,G0NT2ED1T,7/14/2024,Y,N,Outdoor
SAT,G0NT2EDGU,7/14/2024,Y,N,Outdoor
SAT,G0NT2EE1R,7/14/2024,Y,N,Outdoor
SAT,G0NT2EE4J,7/14/2024,Y,N,Outdoor
SAT,G0NT2EE97,7/14/2024,Y,N,Outdoor
SAT,G0NT2EEMH,7/14/2024,Y,N,Outdoor
SAT,G0NT2EEOU,7/14/2024,Y,N,Outdoor
SAT,G0NT2EET6,7/14/2024,Y,N,Outdoor
NYC,G0NY4PG2N,1/24/2024,N,N,Outdoor
NYC,G0NY4PG3K,1/24/2024,N,N,Outdoor
NYC,G0NY4PG88,1/24/2024,N,N,Outdoor
NYC,G0NY4PG96,1/24/2024,N,N,Outdoor
NYC,G0NY4PGQ9,1/24/2024,N,N,Outdoor
NYC,G0NY4PJ86,1/24/2024,N,N,Indoor
NYC,G0NY4PJEV,1/24/2024,N,N,Indoor
NYC,G0NY4PMEJ,1/24/2024,N,N,Indoor
NYC,G0NY4X25E,4/16/2024,Y,N,Outdoor
NYC,G0NY4X2A3,4/16/2024,Y,N,Transit
NYC,G0NY4X2C1,4/16/2024,Y,N,Outdoor
NYC,G0NY4X2DY,4/16/2024,Y,N,Outdoor
NYC,G0NY4X2U2,4/16/2024,Y,N,Transit
NYC,G0NY4X3EV,4/15/2024,Y,N,Indoor
NYC,G0NY4X3NC,4/15/2024,Y,N,Indoor
NYC,G0NY4X41M,4/15/2024,Y,N,Indoor
NYC,G0NY55H1R,7/15/2024,Y,N,Outdoor
NYC,G0NY55H6E,7/15/2024,Y,N,Outdoor
NYC,G0NY55H7C,7/15/2024,Y,N,Outdoor
NYC,G0NY55H89,7/15/2024,Y,N,Outdoor
NYC,G0NY55HPD,7/15/2024,Y,N,Outdoor
NYC,G0NY55JHP,7/14/2024,Y,N,Outdoor
NYC,G0NY55KDY,7/15/2024,Y,N,Outdoor
NYC,G0NY55MHM,7/15/2024,Y,N,Outdoor
Philadelphia,G0PA1UXXJ,1/16/2024,Y,N,Outdoor
Philadelphia,G0PA1UY9U,1/16/2024,Y,N,Outdoor
Philadelphia,G0PA1V5AG,1/16/2024,Y,N,Outdoor
Philadelphia,G0PA1V66Q,1/16/2024,Y,N,Outdoor
Philadelphia,G0PA1VHKJ,4/15/2024,Y,N,Outdoor
Philadelphia,G0PA1VHMG,4/15/2024,Y,N,Outdoor
Philadelphia,G0PA1VRXN,4/15/2024,Y,N,Outdoor
Philadelphia,G0PA1VRYK,4/15/2024,Y,N,Outdoor
Philadelphia,G0PA1XREJ,7/15/2024,Y,Y,Outdoor
Philadelphia,G0PA1XRFG,7/15/2024,Y,Y,Outdoor
Philadelphia,G0PA1Y4HW,7/15/2024,Y,Y,Outdoor
Philadelphia,G0PA1Y4KR,7/15/2024,Y,Y,Outdoor
Philadelphia,G0PH1WV2U,1/16/2024,Y,N,Outdoor
Philadelphia,G0PH20PMM,1/16/2024,Y,N,Outdoor
Philadelphia,G0PH20PQE,1/16/2024,Y,N,Outdoor
Philadelphia,G0PH20ROV,1/16/2024,Y,N,Outdoor
Philadelphia,G0PH23ATF,4/15/2024,Y,N,Outdoor
Philadelphia,G0PH23AUD,4/15/2024,Y,N,Outdoor
Philadelphia,G0PH23T2G,7/15/2024,Y,Y,Outdoor
Philadelphia,G0PH24NYQ,7/15/2024,Y,Y,Outdoor
Philadelphia,G0PH24UCT,7/15/2024,Y,Y,Outdoor
Philadelphia,G0PH24UFK,7/15/2024,Y,Y,Outdoor
Philadelphia,G0PH28EQ5,4/15/2024,Y,N,Outdoor
Philadelphia,G0PH28ER3,4/15/2024,Y,N,Outdoor
PHX,G0PX2PWAU,1/22/2024,Y,N,Outdoor
PHX,G0PX2PWM6,1/22/2024,Y,N,Outdoor
PHX,G0PX2PWQ0,1/22/2024,Y,N,Outdoor
PHX,G0PX2PX62,1/22/2024,Y,N,Outdoor
PHX,G0PX2PXAT,1/22/2024,Y,N,Outdoor
PHX,G0PX2PXEK,1/22/2024,Y,N,Outdoor
PHX,G0PX2PXGE,1/22/2024,Y,N,Outdoor
PHX,G0PX2PXHC,1/22/2024,Y,N,Outdoor
PHX,G0PX2RVQW,4/16/2024,Y,Partial,Outdoor
PHX,G0PX2RVRU,4/16/2024,Y,N,Outdoor
PHX,G0PX2RVTR,4/16/2024,Y,Partial,Outdoor
PHX,G0PX2RVWJ,4/16/2024,Y,N,Outdoor
PHX,G0PX2RW19,4/16/2024,Y,Partial,Outdoor
PHX,G0PX2RWEG,4/16/2024,Y,Partial,Outdoor
PHX,G0PX2RWH8,4/16/2024,Y,N,Outdoor
PHX,G0PX2RWM2,4/16/2024,Y,N,Outdoor
PHX,G0PX2UY13,7/15/2024,Y,N,Outdoor
PHX,G0PX2UYQN,7/15/2024,Y,N,Outdoor
PHX,G0PX2UYRK,7/15/2024,Y,N,Outdoor
PHX,G0PX2UYVD,7/15/2024,Y,N,Outdoor
PHX,G0PX2UYX8,7/15/2024,Y,N,Outdoor
PHX,G0PX2V04T,7/15/2024,Y,N,Outdoor
PHX,G0PX2VOHY,7/15/2024,Y,N,Outdoor
PHX,G0PX2VOMR,7/15/2024,Y,N,Outdoor
South Coast,G0TC3DXKW,7/16/2024,Y,N,Outdoor
South Coast,G0TC3E000,7/16/2024,Y,N,Outdoor
South Coast,G0TC3E1TA,7/16/2024,Y,N,Outdoor
South Coast,G0TC3E1U8,7/16/2024,Y,N,Outdoor
South Coast,G0TC3E23Q,7/16/2024,Y,N,Outdoor
South Coast,G0TC3E2V5,7/16/2024,Y,N,Indoor
South Coast,G0TC3E35J,7/16/2024,Y,N,Outdoor
South Coast,G0TC3E38C,7/16/2024,Y,N,Outdoor
South Coast,G0TC3GTE5,10/14/2024,Y,N,Outdoor
South Coast,G0TC3GVE3,10/14/2024,Y,N,Outdoor
South Coast,G0TC3HR8F,10/14/2024,Y,N,Outdoor
South Coast,G0TC3HRHW,10/14/2024,Y,N,Outdoor
South Coast,G0TC3HRMP,10/14/2024,Y,N,Indoor
South Coast,G0TC3HT1W,10/14/2024,Y,N,Outdoor
South Coast,G0TC3J5N5,10/14/2024,Y,N,Outdoor
South Coast,G0TC3J639,10/14/2024,Y,N,Outdoor
Hillsborough,G0TH23FGU,1/15/2024,Y,N,Outdoor
Hillsborough,G0TH23G5G,1/15/2024,Y,N,Outdoor
Hillsborough,G0TH23GC3,1/15/2024,Y,N,Outdoor
Hillsborough,G0TH23GD1,1/15/2024,Y,N,Outdoor
Hillsborough,G0TH23GKK,1/15/2024,Y,N,Outdoor
Hillsborough,G0TH23GPD,1/15/2024,Y,N,Outdoor
Hillsborough,G0TH23GT6,1/15/2024,Y,N,Outdoor
Hillsborough,G0TH23H6D,1/15/2024,Y,N,Outdoor
Hillsborough,G0TH23H96,1/15/2024,Y,N,Outdoor
Hillsborough,G0TH25YVF,7/16/2024,Y,N,Outdoor
Hillsborough,G0TH25YXA,7/16/2024,Y,N,Outdoor
Hillsborough,G0TH260AF,7/16/2024,Y,N,Outdoor
Hillsborough,G0TH260DA,7/16/2024,Y,N,Outdoor
Boston,G0TN2Q6P4,1/23/2024,Y,N,Outdoor
Boston,G0TN2Q6TX,1/23/2024,Y,N,Outdoor
Boston,G0TN2Q6WQ,1/23/2024,Y,N,Outdoor
Boston,G0TN2Q6YK,1/23/2024,Y,N,Outdoor
Boston,G0TN2Q73A,1/23/2024,Y,N,Outdoor
Boston,G0TN2Q764,1/23/2024,Y,N,Outdoor
Boston,G0TN2Q780,1/23/2024,Y,N,Outdoor
Boston,G0TN2Q7CT,1/23/2024,Y,N,Outdoor
Boston,G0TN2QEJ5,1/23/2024 9:47,Y,N,Outdoor
Boston,G0TN2QEK3,1/23/2024 8:30,Y,N,Outdoor
Boston,G0TN2QEM1,1/23/2024 8:30,Y,N,Outdoor
Boston,G0TN2QENY,1/23/2024 8:18,Y,N,Outdoor
Boston,G0TN2QEPW,1/23/2024 8:18,Y,N,Outdoor
Boston,G0TN2QEQU,1/23/2024 8:18,Y,N,Outdoor
Boston,G0TN2QERR,1/23/2024 8:30,Y,N,Outdoor
Boston,G0TN2QETP,1/23/2024 9:47,Y,N,Outdoor
Boston,G0TN2QEUM,1/23/2024 8:07,Y,N,Outdoor
Boston,G0TN2QEVJ,1/23/2024 8:30,Y,N,Outdoor
Boston,G0TN2QEWG,1/23/2024 9:47,Y,N,Outdoor
Boston,G0TN2QEXE,1/23/2024 8:07,Y,N,Outdoor
Boston,G0TN2QEYC,1/23/2024 8:18,Y,N,Outdoor
Boston,G0TN2QF09,1/23/2024 8:18,Y,N,Outdoor
Boston,G0TN2QF17,1/23/2024 9:47,Y,N,Outdoor
Boston,G0TN2QF25,1/23/2024 8:30,Y,N,Outdoor
Boston,G0TN2QF33,1/23/2024 8:07,Y,N,Outdoor
Boston,G0TN2QF41,1/23/2024 8:07,Y,N,Outdoor
Boston,G0TN2QF5Y,1/23/2024 9:47,Y,N,Outdoor
Boston,G0TN2QF6W,1/23/2024 8:07,Y,N,Outdoor
Boston,G0TN2QF7U,1/23/2024 9:47,Y,N,Outdoor
Boston,G0TN2QF8R,1/23/2024 8:30,Y,N,Outdoor
Boston,G0TN2QF9P,1/23/2024 8:07,Y,N,Outdoor
BOS,G0TN2TCUJ,4/14/2024,Y,N,Outdoor
BOS,G0TN2TCUJ,4/14/2024 8:01,Y,N,Outdoor
BOS,G0TN2TCVG,4/14/2024 7:54,Y,N,Outdoor
BOS,G0TN2TCWE,4/14/2024 7:47,Y,N,Outdoor
BOS,G0TN2TCXC,4/14/2024 8:01,Y,N,Outdoor
BOS,G0TN2TCY9,4/14/2024 7:47,Y,N,Outdoor
BOS,G0TN2TD07,4/14/2024 8:01,Y,N,Outdoor
BOS,G0TN2TD15,4/14/2024,Y,N,Outdoor
BOS,G0TN2TD15,4/14/2024 8:37,Y,N,Outdoor
BOS,G0TN2TD23,4/14/2024 7:47,Y,N,Outdoor
BOS,G0TN2TD31,4/14/2024 7:47,Y,N,Outdoor
BOS,G0TN2TD4Y,4/14/2024 7:54,Y,N,Outdoor
BOS,G0TN2TD5W,4/14/2024 8:01,Y,N,Outdoor
BOS,G0TN2TD6U,4/14/2024 8:37,Y,N,Outdoor
BOS,G0TN2TD7R,4/14/2024,Y,N,Outdoor
BOS,G0TN2TD7R,4/14/2024 8:37,Y,N,Outdoor
BOS,G0TN2TD8P,4/14/2024 7:54,Y,N,Outdoor
BOS,G0TN2TD9M,4/14/2024 7:54,Y,N,Outdoor
BOS,G0TN2TDAJ,4/14/2024 8:37,Y,N,Outdoor
BOS,G0TN2TDCG,4/14/2024 8:01,Y,N,Outdoor
BOS,G0TN2TDDE,4/14/2024 7:47,Y,N,Outdoor
BOS,G0TN2TDEC,4/14/2024 8:37,Y,N,Outdoor
BOS,G0TN2TDF9,4/14/2024 8:37,Y,N,Outdoor
BOS,G0TN2TDG6,4/14/2024 8:01,Y,N,Outdoor
BOS,G0TN2TDH4,4/14/2024,Y,N,Outdoor
BOS,G0TN2TDH4,4/14/2024 7:54,Y,N,Outdoor
BOS,G0TN2TDJ2,4/14/2024 7:54,Y,N,Outdoor
BOS,G0TN2TGNR,4/15/2024 15:03,Y,N,Outdoor
BOS,G0TN2TGPP,4/16/2024,Y,N,Outdoor
BOS,G0TN2TGPP,4/16/2024 8:22,Y,N,Outdoor
BOS,G0TN2TGQM,4/16/2024,Y,N,Outdoor
BOS,G0TN2TGQM,4/16/2024 8:55,Y,N,Outdoor
BOS,G0TN2TGRJ,4/15/2024 15:31,Y,N,Outdoor
BOS,G0TN2TGTG,4/15/2024 15:03,Y,N,Outdoor
BOS,G0TN2TGUE,4/15/2024 15:03,Y,N,Outdoor
BOS,G0TN2TGVC,4/15/2024 15:31,Y,N,Outdoor
BOS,G0TN2TGW9,4/15/2024 15:31,Y,N,Outdoor
BOS,G0TN2TGX7,4/15/2024 15:31,Y,N,Outdoor
BOS,G0TN2TGY5,4/16/2024 7:46,Y,N,Outdoor
BOS,G0TN2TH03,4/16/2024 7:46,Y,N,Outdoor
BOS,G0TN2TH11,4/16/2024,Y,N,Outdoor
BOS,G0TN2TH11,4/16/2024 8:58,Y,N,Outdoor
BOS,G0TN2TH2Y,4/16/2024 7:46,Y,N,Outdoor
BOS,G0TN2TH3W,4/16/2024 7:46,Y,N,Outdoor
BOS,G0TN2TH4U,4/15/2024 15:31,Y,N,Outdoor
BOS,G0TN2TH5R,4/16/2024 8:22,Y,N,Outdoor
BOS,G0TN2TH6P,4/15/2024 15:31,Y,N,Outdoor
BOS,G0TN2TH7M,4/15/2024 15:03,Y,N,Outdoor
BOS,G0TN2TH8J,4/16/2024 8:22,Y,N,Outdoor
BOS,G0TN2TH9G,4/16/2024,Y,N,Outdoor
BOS,G0TN2TH9G,4/16/2024 8:58,Y,N,Outdoor
BOS,G0TN2THAE,4/16/2024,Y,N,Outdoor
BOS,G0TN2THAE,4/16/2024 8:55,Y,N,Outdoor
BOS,G0TN2THCC,4/15/2024 15:03,Y,N,Outdoor
BOS,G0TN2THD9,4/15/2024 15:03,Y,N,Outdoor
BOS,G0TN2THG2,4/15/2024,Y,N,Special Event
BOS,G0TN2THG2,4/15/2024 15:50,Y,N,Outdoor
BOS,G0TN2THJX,4/16/2024,Y,N,Outdoor
BOS,G0TN2THJX,4/16/2024 8:55,Y,N,Outdoor
BOS,G0TN2THKV,4/16/2024,Y,N,Outdoor
BOS,G0TN2THKV,4/16/2024 8:58,Y,N,Outdoor
BOS,G0TN2THMT,4/16/2024 8:22,Y,N,Outdoor
BOS,G0TN2THNQ,4/16/2024 8:22,Y,N,Outdoor
BOS,G0TN2THPN,4/16/2024,Y,N,Outdoor
BOS,G0TN2THPN,4/16/2024 8:55,Y,N,Outdoor
BOS,G0TN2THQK,4/15/2024,Y,N,Special Event
BOS,G0TN2THQK,4/15/2024 15:50,Y,N,Outdoor
BOS,G0TN2THTF,4/16/2024,Y,N,Outdoor
BOS,G0TN2THTF,4/16/2024 8:58,Y,N,Outdoor
BOS,G0TN2THUD,4/16/2024 8:22,Y,N,Outdoor
BOS,G0TN2THVA,4/15/2024,Y,N,Special Event
BOS,G0TN2THVA,4/15/2024 15:50,Y,N,Outdoor
BOS,G0TN2THW8,4/16/2024,Y,N,Outdoor
BOS,G0TN2THW8,4/16/2024 7:46,Y,N,Outdoor
BOS,G0TN2THX6,4/15/2024,Y,N,Special Event
BOS,G0TN2THX6,4/15/2024 15:50,Y,N,Outdoor
BOS,G0TN2THY4,4/16/2024 8:55,Y,N,Outdoor
BOS,G0TN2TJ02,4/16/2024,Y,N,Outdoor
BOS,G0TN2TJ02,4/16/2024 8:55,Y,N,Outdoor
BOS,G0TN2TJ10,4/16/2024 8:58,Y,N,Outdoor
BOS,G0TN2TJ2X,4/16/2024,Y,N,Outdoor
BOS,G0TN2TJ2X,4/16/2024 8:58,Y,N,Outdoor
BOS,G0TN2VW66,7/22/2024,Y,N,Outdoor
BOS,G0TN2VW66,7/22/2024 8:37,Y,N,Outdoor
BOS,G0TN2VW74,7/22/2024 8:50,Y,N,Outdoor
BOS,G0TN2VW82,7/22/2024,Y,N,Outdoor
BOS,G0TN2VW82,7/22/2024 8:37,Y,N,Outdoor
BOS,G0TN2VW90,7/22/2024 8:37,Y,N,Outdoor
BOS,G0TN2VWAX,7/22/2024 8:29,Y,N,Outdoor
BOS,G0TN2VWCV,7/22/2024 8:37,Y,N,Outdoor
BOS,G0TN2VWDT,7/22/2024,Y,N,Outdoor
BOS,G0TN2VWDT,7/22/2024 8:37,Y,N,Outdoor
BOS,G0TN2VWEQ,7/22/2024,Y,N,Outdoor
BOS,G0TN2VWEQ,7/22/2024 8:21,Y,N,Outdoor
BOS,G0TN2VWFN,7/22/2024 8:50,Y,N,Outdoor
BOS,G0TN2VWGJ,7/22/2024 8:37,Y,N,Outdoor
BOS,G0TN2VWHG,7/22/2024 8:50,Y,N,Outdoor
BOS,G0TN2VWJE,7/22/2024 8:21,Y,N,Outdoor
BOS,G0TN2VWKC,7/22/2024,Y,N,Outdoor
BOS,G0TN2VWKC,7/22/2024 8:29,Y,N,Outdoor
BOS,G0TN2VWM9,7/22/2024 8:50,Y,N,Outdoor
BOS,G0TN2VWN7,7/22/2024 8:29,Y,N,Outdoor
BOS,G0TN2VWP5,7/22/2024 8:29,Y,N,Outdoor
BOS,G0TN2VWQ3,7/22/2024,Y,N,Outdoor
BOS,G0TN2VWQ3,7/22/2024 8:21,Y,N,Outdoor
BOS,G0TN2VWR1,7/22/2024,Y,N,Outdoor
BOS,G0TN2VWR1,7/22/2024 8:21,Y,N,Outdoor
BOS,G0TN2VWTY,7/22/2024 8:29,Y,N,Outdoor
BOS,G0TN2VWUW,7/22/2024 8:21,Y,N,Outdoor
BOS,G0TN2VWVU,7/22/2024,Y,N,Outdoor
BOS,G0TN2VWVU,7/22/2024 8:21,Y,N,Outdoor
BOS,G0TN2VWWR,7/22/2024 8:50,Y,N,Outdoor
BOS,G0TN2VWXP,7/22/2024 8:50,Y,N,Outdoor
Pinellas,G0TP1W19R,1/15/2024,Y,N,Outdoor
Pinellas,G0TP1W1RT,1/15/2024,Y,N,Outdoor
Pinellas,G0TP1W1XF,1/15/2024,Y,N,Outdoor
Pinellas,G0TP1W2H7,1/15/2024,Y,N,Outdoor
Pinellas,G0TP1W2M1,1/15/2024,Y,N,Outdoor
Pinellas,G0TP1W2UM,1/15/2024,Y,N,Outdoor
Pinellas,G0TP1W317,1/15/2024,Y,N,Outdoor
Pinellas,G0TP1X16W,7/16/2024,Y,N,Outdoor
Pinellas,G0TP1X19P,7/16/2024,Y,N,Outdoor
Pinellas,G0TP1X1DG,7/16/2024,Y,N,Outdoor
Pinellas,G0TP1X1K2,7/16/2024,Y,N,Outdoor
STL,G0TT2CHR5,1/23/2024,Y,N,Outdoor
STL,G0TT2CJ3G,1/23/2024,Y,N,Outdoor
STL,G0TT2CJ69,1/23/2024,Y,N,Outdoor
STL,G0TT2CMFP,1/23/2024,Y,N,Outdoor
STL,G0TT2CMWT,1/23/2024,Y,N,Outdoor
STL,G0TT2CN66,1/23/2024,Y,N,Outdoor
STL,G0TT2CN90,1/23/2024,Y,N,Outdoor
STL,G0TT2CNOK,1/23/2024,Y,N,Outdoor
STL,G0TT2EJ3C,4/24/2024,Y,N,Outdoor
STL,G0TT2EJ73,4/24/2024,Y,N,Outdoor
STL,G0TT2EJ9Y,4/24/2024,Y,N,Outdoor
STL,G0TT2EJAW,4/24/2024,Y,N,Outdoor
STL,G0TT2EJCU,4/24/2024,Y,N,Outdoor
STL,G0TT2EJGH,4/24/2024,Y,N,Outdoor
STL,G0TT2EJM8,4/24/2024,Y,N,Outdoor
STL,G0TT2EJQ2,4/24/2024,Y,N,Outdoor
STL,G0TT2GFTV,7/22/2024,Y,N,Outdoor
STL,G0TT2GFUT,7/22/2024,Y,N,Outdoor
STL,G0TT2GFWN,7/22/2024,Y,N,Outdoor
STL,G0TT2GG62,7/22/2024,Y,N,Outdoor
STL,G0TT2GGAT,7/22/2024,Y,N,Outdoor
STL,G0TT2GGGE,7/22/2024,Y,N,Outdoor
STL,G0TT2GGK7,7/22/2024,Y,N,Outdoor
STL,G0TT2GGP1,7/22/2024,Y,N,Outdoor
LAS,G0VE269Y1,2/10/2024,Y,N,Special Event
LAS,G0VE26CE2,2/11/2024,Y,N,Special Event
LAS,G0VE26CJR,2/10/2024,Y,N,Special Event
LAS,G0VE26CQE,2/10/2024,Y,N,Special Event
LAS,G0VE26CV5,2/10/2024,Y,N,Special Event
LAS,G0VE26DMK,2/11/2024,Y,N,Special Event
LAS,G0VE26FA5,2/10/2024,Y,N,Special Event
LAS,G0VE26KXT,2/11/2024,Y,N,Special Event
LAS,G0VE26M68,2/11/2024,Y,N,Special Event
LAS,G0VE26MCX,2/11/2024,Y,N,Special Event
LAS,G0VE26MDV,2/10/2024,Y,N,Special Event
LAS,G0VE26MET,2/10/2024,Y,N,Special Event
LAS,G0VE26MJG,2/11/2024,Y,N,Special Event
LAS,G0VE26MMC,2/10/2024,Y,N,Special Event
LAS,G0VE26MN9,2/10/2024,Y,N,Special Event
LAS,G0VE26MP7,2/11/2024,Y,N,Special Event
LAS,G0VE26NCW,2/10/2024,Y,N,Special Event
LAS,G0VE26NHH,2/11/2024,Y,N,Special Event
LAS,G0VE26P4A,2/10/2024,Y,N,Special Event
LAS,G0VE26P74,2/11/2024,Y,N,Special Event
LAS,G0VE26P82,2/11/2024,Y,N,Special Event
LAS,G0VE26PAX,2/10/2024,Y,N,Special Event
LAS,G0VE26PFN,2/11/2024,Y,N,Special Event
LAS,G0VE26PTY,2/11/2024,Y,N,Special Event
LAS,G0VE27F87,1/29/2024,Y,N,Outdoor
LAS,G0VE27FA3,1/29/2024,Y,Partial,Outdoor
LAS,G0VE27FC1,1/29/2024,Y,N,Outdoor
LAS,G0VE27FEW,1/29/2024,Y,N,Outdoor
LAS,G0VE27FGQ,1/29/2024,Y,N,Outdoor
LAS,G0VE27FKH,1/29/2024,Y,N,Outdoor
LAS,G0VE27FMF,1/29/2024,Y,N,Outdoor
LAS,G0VE27FND,1/29/2024,Y,N,Outdoor
LAS,G0VE28UDH,4/23/2024,Y,N,Outdoor
LAS,G0VE28UFD,4/23/2024,Y,N,Outdoor
LAS,G0VE28UG9,4/23/2024,Y,N,Outdoor
LAS,G0VE28UJ5,4/23/2024,Y,N,Outdoor
LAS,G0VE28UK3,4/23/2024,Y,N,Outdoor
LAS,G0VE28UNY,4/23/2024,Y,N,Outdoor
LAS,G0VE28UPW,4/23/2024,Y,N,Outdoor
LAS,G0VE28UTP,4/23/2024,Y,N,Outdoor
LAS,G0VE2A1HW,7/16/2024,Y,N,Outdoor
LAS,G0VE2A1KR,7/16/2024,Y,N,Outdoor
LAS,G0VE2A1MP,7/16/2024,Y,N,Outdoor
LAS,G0VE2A1NM,7/16/2024,Y,N,Outdoor
LAS,G0VE2A1PJ,7/16/2024,Y,N,Outdoor
LAS,G0VE2A1QG,7/16/2024,Y,N,Outdoor
LAS,G0VE2A1TC,7/16/2024,Y,N,Outdoor
LAS,G0VE2A1W5,7/16/2024,Y,N,Outdoor
BWRC,G0WR463FF,1/15/2024,Y,N,Outdoor
BWRC,G0WR463FF,1/16/2024 8:19,Y,N,Outdoor
BWRC,G0WR463GC,1/15/2024,Y,N,Outdoor
BWRC,G0WR463GC,1/16/2024 8:19,Y,N,Outdoor
BWRC,G0WR463H9,1/15/2024,Y,N,Outdoor
BWRC,G0WR463H9,1/16/2024 8:19,Y,N,Outdoor
BWRC,G0WR463PY,1/15/2024,Y,N,Outdoor
BWRC,G0WR463PY,1/16/2024 8:19,Y,N,Outdoor
BWRC,G0WR463XG,1/15/2024,Y,N,Outdoor
BWRC,G0WR463XG,1/16/2024 8:19,Y,N,Outdoor
BWI,G0WR46GHW,1/22/2024,Y,N,Outdoor
BWI,G0WR46GW5,1/22/2024,Y,N,Outdoor
BWI,G0WR46H1W,1/22/2024,Y,N,Outdoor
BWI,G0WR46H7G,1/22/2024,Y,N,Outdoor
BWI,G0WR46HOY,1/22/2024,Y,N,Outdoor
BWI,G0WR46KD3,1/22/2024,Y,N,Outdoor
BWI,G0WR46MOV,1/22/2024,Y,N,Outdoor
BWI,G0WR4C120,4/15/2024,Y,N,Outdoor
BWI,G0WR4C14V,4/15/2024,Y,N,Outdoor
BWI,G0WR4C1AF,4/15/2024,Y,N,Outdoor
BWI,G0WR4C1CD,4/15/2024,Y,N,Outdoor
BWI,G0WR4C1JY,4/15/2024,Y,N,Outdoor
BWI,G0WR4C1NR,4/15/2024,Y,N,Outdoor
BWI,G0WR4C1RJ,4/15/2024,Y,N,Outdoor
BWRC,G0WR4CCHP,4/22/2024,Y,N,Outdoor
BWRC,G0WR4CCJM,4/22/2024,Y,N,Outdoor
BWRC,G0WR4CCKJ,4/22/2024,Y,N,Outdoor
BWRC,G0WR4CCMG,4/22/2024,Y,N,Outdoor
BWRC,G0WR4CCPC,4/22/2024,Y,N,Outdoor
BWRC,G0WR4GXC6,7/17/2024,Y,N,Outdoor
BWRC,G0WR4GXYY,7/17/2024,Y,N,Outdoor
BWRC,G0WR4GY2R,7/17/2024,Y,N,Outdoor
BWRC,G0WR4GY8C,7/17/2024,Y,N,Outdoor
BWRC,G0WR4H5MA,7/17/2024,Y,N,Outdoor
BWI,G0WR4H8EN,7/22/2024,Y,N,Outdoor
BWI,G0WR4H8FK,7/22/2024,Y,N,Outdoor
BWI,G0WR4H8HE,7/22/2024,Y,N,Outdoor
BWI,G0WR4H8JC,7/22/2024,Y,N,Outdoor
BWI,G0WR4H8M7,7/22/2024,Y,N,Outdoor
BWI,G0WR4H8P3,7/22/2024,Y,N,Outdoor
BWI,G0WR4HG33,7/22/2024,Y,N,Outdoor
"Miami, 71",GQHD2VD4J,1/15/2024,N,N,outdoor
"Miami, Fl",GQMD2VOU4,1/15/2024,N,N,outdoor
BAY AREA SFO,GRAY39KIU,4/16/2024,Y,N,Outdoor
