Collection Date,Stored at 4C? (Y/N),PCR Inhibited? (Y/N/Partial),Location (Indoor/Outdoor/Transit/Special Event),Sample ID,Location (on dish)
12/23/2023,Y,N,Indoor,A,"Trenton, NJ"
7/14/2024,,,Outdoor,A1,"Austin, TX"
7/15/2024,,,Outdoor,A10,"Phoenix, AZ"
7/15/2024,,,Outdoor,A11,"Phoenix, AZ"
7/15/2024,,,Outdoor,A12,"Phoenix, AZ"
7/15/2024,n/a,n/a,n/a,A13,"Phoenix, AZ"
7/15/2024,,,Outdoor,A14,"Phoenix, AZ"
7/15/2024,,,Outdoor,A15,"Phoenix, AZ"
7/15/2024,,,Outdoor,A16,"Phoenix, AZ"
7/15/2024,,,Outdoor,A17,"Phoenix, AZ"
7/15/2024,,,Outdoor,A18,"Phoenix, AZ"
4/24/2024,,,Outdoor,A19,"St. Louis, MO"
7/14/2024,,,Outdoor,A2,"Austin, TX"
4/24/2024,,,Outdoor,A20,"St. Louis, MO"
4/24/2024,,,Outdoor,A21,"St. Louis, MO"
4/24/2024,,,Outdoor,A22,"St. Louis, MO"
4/24/2024,,,Outdoor,A23,"St. Louis, MO"
4/24/2024,,,Outdoor,A24,"St. Louis, MO"
4/24/2024,,,Outdoor,A25,"St. Louis, MO"
4/24/2024,,,Outdoor,A26,"St. Louis, MO"
4/23/2024,Y,N,Outdoor,A27,"Houston, TX"
4/23/2024,Y,Y,Outdoor,A28,"Houston, TX"
4/23/2024,Y,N,Outdoor,A29,"Houston, TX"
7/14/2024,,,Outdoor,A3,"Austin, TX"
4/23/2024,Y,N,Outdoor,A30,"Houston, TX"
4/23/2024,Y,Y,Outdoor,A31,"Houston, TX"
4/23/2024,Y,N,Outdoor,A32,"Houston, TX"
4/23/2024,Y,N,Outdoor,A33,"Houston, TX"
4/23/2024,Y,N,Outdoor,A34,"Houston, TX"
4/15/2024,,,Outdoor,A35,"Trenton, NJ"
4/15/2024,,,Indoor,A36,"Trenton, NJ"
4/15/2024,,,Outdoor,A37,"Trenton, NJ"
4/15/2024,,,Outdoor,A38,"Trenton, NJ"
4/15/2024,,,Outdoor,A39,"Trenton, NJ"
7/14/2024,,,,A4,"Austin, TX"
4/15/2024,,,Indoor,A40,"Trenton, NJ"
4/15/2024,,,Outdoor,A41,"Trenton, NJ"
4/15/2024,,,Outdoor,A42,"Trenton, NJ"
,,,,A43,"Las Vegas, NV"
,,,,A44,"Las Vegas, NV"
,,,,A45,"Las Vegas, NV"
,,,,A46,"Las Vegas, NV"
,,,,A47,"Las Vegas, NV"
,,,,A48,"Las Vegas, NV"
,,,,A49,"Las Vegas, NV"
7/14/2024,,,Outdoor,A5,"Austin, TX"
,,,,A50,"Las Vegas, NV"
,,,,A51,"Miami, FL"
,,,,A52,"Miami, FL"
,,,,A53,"Miami, FL"
,,,,A54,"Miami, FL"
,,,,A55,"Miami, FL"
,,,,A56,"Miami, FL"
,,,,A57,"Miami, FL"
,,,,A58,"Miami, FL"
2/12/2024,,,Special Event,A59,"Washington, DC"
7/14/2024,,,Outdoor,A6,"Austin, TX"
2/12/2024,,,Special Event,A60,"Washington, DC"
2/12/2024,,,Special Event,A61,"Washington, DC"
2/12/2024,,,Special Event,A62,"Washington, DC"
2/12/2024,,,Special Event,A63,"Washington, DC"
2/12/2024,,,Special Event,A64,"Washington, DC"
,,,,A65,"Miami, FL"
,,,,A66,"Miami, FL"
,,,,A67,"Miami, FL"
,,,,A68,"Miami, FL"
,,,,A69,"Miami, FL"
,,,,A7,"Austin, TX"
,,,,A70,"Miami, FL"
,,,,A71,"Miami, FL"
,,,,A72,"Miami, FL"
4/23/2024,,,Outdoor,A73,"Las Vegas, NV"
4/23/2024,,,Outdoor,A74,"Las Vegas, NV"
4/23/2024,,,Outdoor,A75,"Las Vegas, NV"
4/23/2024,,,Outdoor,A76,"Las Vegas, NV"
4/23/2024,,,Outdoor,A77,"Las Vegas, NV"
4/23/2024,,,Outdoor,A78,"Las Vegas, NV"
4/23/2024,,,Outdoor,A79,"Las Vegas, NV"
7/14/2024,,,Outdoor,A8,"Austin, TX"
4/23/2024,,,Outdoor,A80,"Las Vegas, NV"
7/14/2024,,,Outdoor,A9,"Austin, TX"
4/17/2024,,,Outdoor,air1,"jacksonville, FL"
4/17/2024,,,Outdoor,air2,"jacksonville, FL"
4/15/2024,Y,N,Special Event,air3,"Boston, MA"
4/15/2024,Y,N,Special Event,air4,"Boston, MA"
4/15/2024,Y,N,Special Event,air5,"Boston, MA"
4/15/2024,Y,N,Special Event,air6,"Boston, MA"
12/19/2023,Y,N,Indoor,B,"Trenton, NJ"
2/10/2024,"Y* stored at room temperature overnight, moved to 4°C at 12n on 2/11/24",N,SE - Indoor,B1,"Las Vegas, NV"
4/22/2024,Y,N,Outdoor,B10,"Richmond, VA"
4/22/2024,Y,N,Outdoor,B11,"Richmond, VA"
4/22/2024,Y,N,Outdoor,B12,"Richmond, VA"
4/22/2024,Y,N,Outdoor,B13,"Richmond, VA"
4/22/2024,Y,N,Outdoor,B14,"Richmond, VA"
4/23/2024,,,Outdoor,B15,"San Diego, CA"
,,,,B16,"San Diego, CA"
4/23/2024,,,Outdoor,B17,"San Diego, CA"
4/23/2024,,,Outdoor,B18,"San Diego, CA"
,,,,B19,"San Diego, CA"
2/10/2024,"Y* stored at room temperature overnight, moved to 4°C at 12n on 2/11/24",N,SE - Indoor,B2,"Las Vegas, NV"
,,,,B20,"San Diego, CA"
4/23/2024,,,Outdoor,B21,"San Diego, CA"
4/23/2024,,,Outdoor,B22,"San Diego, CA"
,,,,B23,"Miami, FL"
,,,,B24,"Miami, FL"
,,,,B25,"Miami, FL"
,,,,B26,"Miami, FL"
,,,,B27,"Miami, FL"
,,,,B28,"Miami, FL"
,,,,B29,"Miami, FL"
2/10/2024,"Y* stored at room temperature overnight, moved to 4°C at 12n on 2/11/24",N,SE - Indoor,B3,"Las Vegas, NV"
,,,,B30,"Miami, FL"
,,,,B31,"El Paso, TX"
,,,,B32,"El Paso, TX"
7/16/2024,,,,B33,"El Paso, TX"
7/16/2024,,,,B34,"El Paso, TX"
7/16/2024,,,,B35,"El Paso, TX"
7/16/2024,,,,B36,"El Paso, TX"
7/16/2024,,,,B37,"El Paso, TX"
7/16/2024,,,,B38,"El Paso, TX"
7/16/2024,,,,B39,"El Paso, TX"
2/10/2024,Y,N,SE - Indoor,B4,"Las Vegas, NV"
7/16/2024,,,,B40,"El Paso, TX"
,,,,B41,"Trenton, NJ"
,,,,B42,"Trenton, NJ"
,,,,B43,"Trenton, NJ"
,,,,B44,"Trenton, NJ"
,,,,B45,"Trenton, NJ"
,,,,B46,"Trenton, NJ"
4/15/2024,,,Transit,B47,"Minneapolis, MN"
4/15/2024,,,Outdoor,B48,"Minneapolis, MN"
4/15/2024,,,Transit,B49,"Minneapolis, MN"
2/10/2024,Y,N,SE - Indoor,B5,"Las Vegas, NV"
4/15/2024,,,Outdoor,B50,"Minneapolis, MN"
4/15/2024,,,Outdoor,B51,"Minneapolis, MN"
4/15/2024,,,Special Event,B52,"Minneapolis, MN"
4/15/2024,,,Outdoor,B53,"Minneapolis, MN"
4/15/2024,,,Outdoor,B54,"Minneapolis, MN"
,,,,B55,"Philadelphia, PA"
,,,,B56,"Philadelphia, PA"
,,,,B57,"Philadelphia, PA"
,,,,B58,"Philadelphia, PA"
,,,,B59,"Philadelphia, PA"
2/10/2024,Y,N,SE - Indoor,B6,"Las Vegas, NV"
,,,,B60 ,"Philadelphia, PA"
,,,,B61,"Philadelphia, PA"
,,,,B62,"Philadelphia, PA"
1/30/2024,Y,N,Outdoor,B63,"San Diego, CA"
1/30/2024,Y,N,Outdoor,B64,"San Diego, CA"
1/30/2024,Y,N,Outdoor,B65,"San Diego, CA"
1/30/2024,Y,N,Outdoor,B66,"San Diego, CA"
1/30/2024,Y,N,Outdoor,B67,"San Diego, CA"
1/30/2024,Y,N,Outdoor,B68,"San Diego, CA"
1/30/2024,Y,N,Outdoor,B69,"San Diego, CA"
2/10/2024,Y,N,SE - Outdoor,B7,"Las Vegas, NV"
1/30/2024,Y,N,Outdoor,B70,"San Diego, CA"
7/16/2024,Y,N,Outdoor,B71,"San Diego, CA"
7/16/2024,Y,N,Outdoor,B72,"San Diego, CA"
7/16/2024,Y,N,Outdoor,B73,"San Diego, CA"
7/16/2024,Y,N,Outdoor,B74,"San Diego, CA"
7/16/2024,Y,N,Indoor,B75,"San Diego, CA"
7/16/2024,Y,N,Outdoor,B76,"San Diego, CA"
7/16/2024,Y,N,Outdoor,B77,"San Diego, CA"
7/16/2024,Y,N,Outdoor,B78,"San Diego, CA"
7/16/2024,Y,N,Outdoor,B79,"San Diego, CA"
2/10/2024,Y,N,SE - Outdoor,B8,"Las Vegas, NV"
2/10/2024,Y,N,SE - Outdoor,B9,"Las Vegas, NV"
12/19/2023,Y,N,Indoor,C,"Trenton, NJ"
,,,,C1,"Miami, FL"
,,,,C10,"Miami, FL"
,,,,C11,"Miami, FL"
,,,,C12,"Miami, FL"
,,,,C13,"Miami, FL"
,,,,C14,"Miami, FL"
,,,,C15,"Miami, FL"
,,,,C16,"Miami, FL"
4/15/2024,,,Outdoor,C17,"Columbus, OH"
4/15/2024,,,Outdoor,C18,"Columbus, OH"
4/15/2024,,,Outdoor,C19,"Columbus, OH"
,,,,C2,"Miami, FL"
4/15/2024,,,Outdoor,C20,"Columbus, OH"
4/15/2024,,,Outdoor,C21,"Columbus, OH"
4/15/2024,,,Outdoor,C22,"Columbus, OH"
4/15/2024,,,Outdoor,C23,"Columbus, OH"
4/15/2024,,,Outdoor,C24,"Columbus, OH"
2/12/2024,,,Special Event,C25,"Washington, DC"
2/12/2024,,,Special Event,C26,"Washington, DC"
2/12/2024,,,Special Event,C27,"Washington, DC"
2/12/2024,,,Special Event,C28,"Washington, DC"
2/12/2024,,,Special Event,C29,"Washington, DC"
,,,,C3,"Miami, FL"
2/12/2024,,,Special Event,C30,"Washington, DC"
,,,,C31,"Chicago, IL"
4/16/2024,Y,N,Outdoor,C32,"Chicago, IL"
4/16/2024,Y,N,Indoor,C33,"Chicago, IL"
4/16/2024,Y,N,Outdoor,C34,"Chicago, IL"
4/16/2024,Y,N,Outdoor,C35,"Chicago, IL"
4/16/2024,Y,N,Outdoor,C36,"Chicago, IL"
4/16/2024,Y,N,Outdoor,C37,"Chicago, IL"
4/16/2024,Y,N,Outdoor,C38,"Chicago, IL"
4/16/2024,Y,N,Outdoor,C39,"Chicago, IL"
,,,,C4,"Miami, FL"
4/16/2024,Y,N,Outdoor,C40,"Chicago, IL"
4/16/2024,Y,N,Outdoor,C41,"Chicago, IL"
4/16/2024,Y,N,Outdoor,C42,"Chicago, IL"
1/22/2024,Y,N,Outdoor,C43,"Phoenix, AZ"
1/23/2024,Y,N,Outdoor,C44,"Phoenix, AZ"
1/24/2024,Y,N,Outdoor,C45,"Phoenix, AZ"
1/25/2024,Y,N,Outdoor,C46,"Phoenix, AZ"
1/26/2024,Y,N,Outdoor,C47,"Phoenix, AZ"
1/27/2024,Y,N,Outdoor,C48,"Phoenix, AZ"
1/28/2024,Y,N,Outdoor,C49,"Phoenix, AZ"
,,,,C5,"Miami, FL"
1/30/2024,Y,N,Outdoor,C50,"Phoenix, AZ"
1/15/2024,N,N,Outdoor,C51,"Miami, FL"
1/15/2024,N,N,Outdoor,C52,"Miami, FL"
1/15/2024,N,N,Outdoor,C53,"Miami, FL"
1/15/2024,N,N,Outdoor,C54,"Miami, FL"
1/15/2024,N,N,Outdoor,C55,"Miami, FL"
1/15/2024,N,N,Outdoor,C56,"Miami, FL"
1/15/2024,N,N,Outdoor,C57,"Miami, FL"
1/15/2024,N,N,Outdoor,C58,"Miami, FL"
4/16/2024,Y,N,Outdoor,C59,"Chicago, IL"
,,,,C6,"Miami, FL"
4/16/2024,Y,N,Outdoor,C60,"Chicago, IL"
4/16/2024,Y,N,Outdoor,C61,"Chicago, IL"
4/16/2024,Y,N,Outdoor,C62,"Chicago, IL"
4/16/2024,Y,N,Outdoor,C63,"Chicago, IL"
4/16/2024,Y,N,Outdoor,C64,"Chicago, IL"
4/16/2024,Y,N,Outdoor,C65,"Chicago, IL"
4/16/2024,Y,N,Outdoor,C66,"Chicago, IL"
4/16/2024,Y,N,Outdoor,C67,"Chicago, IL"
4/16/2024,Y,N,Outdoor,C68,"Chicago, IL"
4/16/2024,Y,N,Outdoor,C69,"Chicago, IL"
,,,,C7,"Miami, FL"
4/16/2024,Y,N,Outdoor,C70,"Chicago, IL"
4/14/2024,,,Outdoor,C71,"San Antonio, TX"
4/14/2024,,,Outdoor,C72,"San Antonio, TX"
4/14/2024,,,Outdoor,C73,"San Antonio, TX"
4/14/2024,,,Outdoor,C74,"San Antonio, TX"
4/14/2024,,,Outdoor,C75,"San Antonio, TX"
4/14/2024,,,Outdoor,C76,"San Antonio, TX"
4/14/2024,,,Outdoor,C77,"San Antonio, TX"
4/14/2024,,,Outdoor,C78,"San Antonio, TX"
,,,,C8,"Miami, FL"
,,,,C9,"Miami, FL"
7/15/2024,Y,Y,Outdoor,D1,"Philadelphia, PA"
7/15/2024,,,Outdoor,D10,"Fort Worth, TX"
7/15/2024,,,,D11,"Fort Worth, TX"
7/15/2024,,,Outdoor,D12,"Fort Worth, TX"
7/15/2024,,,Outdoor,D13,"Fort Worth, TX"
7/15/2024,,,Outdoor,D14,"Fort Worth, TX"
7/15/2024,,,Outdoor,D15,"Fort Worth, TX"
7/15/2024,,,Outdoor,D16,"Fort Worth, TX"
7/15/2024,,,Outdoor,D17,"Fort Worth, TX"
7/15/2024,,,Outdoor,D18,"Fort Worth, TX"
7/15/2024,,,Outdoor,D19,"Fort Worth, TX"
7/15/2024,Y,Y,Outdoor,D2,"Philadelphia, PA"
7/15/2024,,,Outdoor,D20,"Fort Worth, TX"
7/15/2024,,,Outdoor,D21,"Fort Worth, TX"
7/15/2024,,,Outdoor,D22,"Fort Worth, TX"
7/15/2024,,,Outdoor,D23,"Fort Worth, TX"
7/15/2024,,,Outdoor,D24,"Fort Worth, TX"
7/15/2024,,,Outdoor,D25,"Fort Worth, TX"
7/15/2024,Y,N,Outdoor,D26,"Fort Worth, TX"
,,,,D27,"Washington, DC"
,,,,D28,"Washington, DC"
,,,,D29,"Washington, DC"
7/15/2024,Y,Y,Outdoor,D3,"Philadelphia, PA"
,,,,D30,"Washington, DC"
,,,,D31,"Washington, DC"
,,,,D32,"Washington, DC"
,,,,D33,"Washington, DC"
,,,,D34,"Washington, DC"
,,,,D35,"Washington, DC"
2/12/2024,,,Special Event,D36,"Washington, DC"
2/12/2024,,,Special Event,D37,"Washington, DC"
2/12/2024,,,Special Event,D38,"Washington, DC"
2/12/2024,,,Special Event,D39,"Washington, DC"
7/15/2024,Y,Y,Outdoor,D4,"Philadelphia, PA"
2/12/2024,,,Special Event,D40,"Washington, DC"
2/12/2024,,,Special Event,D41,"Washington, DC"
1/21/2024,Y,N,Outdoor,D42,"Fort Worth, TX"
1/21/2024,Y,N,Outdoor,D43,"Fort Worth, TX"
1/21/2024,Y,N,Outdoor,D44,"Fort Worth, TX"
1/21/2024,Y,N,Outdoor,D45,"Fort Worth, TX"
1/21/2024,Y,N,Outdoor,D46,"Fort Worth, TX"
1/21/2024,Y,N,Outdoor,D47,"Fort Worth, TX"
1/21/2024,Y,N,Outdoor,D48,"Fort Worth, TX"
1/21/2024,Y,N,Outdoor,D49,"Fort Worth, TX"
7/15/2024,Y,Y,Outdoor,D5,"Philadelphia, PA"
1/21/2024,Y,N,Outdoor,D50,"Fort Worth, TX"
1/21/2024,Y,N,Outdoor,D51,"Fort Worth, TX"
1/21/2024,Y,N,Outdoor,D52,"Fort Worth, TX"
1/21/2024,Y,N,Outdoor,D53,"Fort Worth, TX"
1/21/2024,Y,N,Outdoor,D54,"Fort Worth, TX"
1/21/2024,Y,N,Outdoor,D55,"Fort Worth, TX"
1/21/2024,Y,N,Outdoor,D56,"Fort Worth, TX"
1/21/2024,Y,N,Outdoor,D57,"Fort Worth, TX"
,,,,D58,"Washington, DC"
,,,,D59,"Washington, DC"
7/15/2024,Y,Y,Outdoor,D6,"Philadelphia, PA"
,,,,D60,"Washington, DC"
,,,,D61,"Washington, DC"
,,,,D62,"Washington, DC"
,,,,D63,"Washington, DC"
,,,,D64,"Washington, DC"
,,,,D65,"Washington, DC"
7/14/2024,Y,N,Outdoor,D66,"San Antonio, TX"
7/14/2024,Y,N,Outdoor,D67,"San Antonio, TX"
7/14/2024,Y,N,Outdoor,D68,"San Antonio, TX"
7/14/2024,Y,N,Outdoor,D69,"San Antonio, TX"
7/15/2024,Y,Y,Outdoor,D7,"Philadelphia, PA"
7/14/2024,Y,N,Outdoor,D70,"San Antonio, TX"
7/14/2024,Y,N,Outdoor,D71,"San Antonio, TX"
7/14/2024,,,,D72,"San Antonio, TX"
7/14/2024,Y,N,Outdoor,D73,"San Antonio, TX"
,,,,D74,"Denver, CO"
,,,,D75,"Denver, CO"
,,,,D76,"Denver, CO"
,,,,D77,"Denver, CO"
,,,,D78,"Denver, CO"
,,,,D79,"Denver, CO"
7/15/2024,Y,Y,Outdoor,D8,"Philadelphia, PA"
,,,,D80,"Denver, CO"
,,,,D81,"Denver, CO"
7/15/2024,Y,Y,Outdoor,D9,"Philadelphia, PA"
2/12/2024,,,Special Event,E1,"Washington, DC"
,,,,,
,,,,E10,"San Francisco, CA"
,,,,E11,"San Francisco, CA"
,,,,E12,"San Francisco, CA"
,,,,E13,"San Francisco, CA"
,,,,E14,"San Francisco, CA"
,,,,E15,"San Francisco, CA"
4/12/2024,Y,N,Special Event,E16,"Fort Worth, TX"
4/13/2024,Y,N,Special Event,E17,"Fort Worth, TX"
4/12/2024,Y,N,Special Event,E18,"Fort Worth, TX"
4/15/2024,Y,N,Special Event,E19,"Fort Worth, TX"
2/12/2024,,,Special Event,E2,"Washington, DC"
,,,,,
4/15/2024,Y,N,Special Event,E20,"Fort Worth, TX"
4/14/2024,Y,N,Special Event,E21,"Fort Worth, TX"
4/14/2024,Y,N,Special Event,E22,"Fort Worth, TX"
4/15/2024,Y,N,Special Event,E23,"Fort Worth, TX"
4/14/2024,Y,N,Special Event,E24,"Fort Worth, TX"
4/15/2024,Y,N,Special Event,E25,"Fort Worth, TX"
4/12/2024,Y,N,Special Event,E26,"Fort Worth, TX"
4/14/2024,Y,N,Special Event,E27,"Fort Worth, TX"
4/12/2024,Y,N,Special Event,E28,"Fort Worth, TX"
4/13/2024,Y,N,Special Event,E29,"Fort Worth, TX"
2/12/2024,,,Special Event,E3,"Washington, DC"
,,,,,
4/13/2024,Y,N,Special Event,E30,"Fort Worth, TX"
,N,N,Outdoor,E31,"New York, NY"
,N,N,Outdoor,E32,"New York, NY"
,N,N,Outdoor,E33,"New York, NY"
,N,N,Outdoor,E34,"New York, NY"
,,,,E35,"New York, NY"
4/13/2024,Y,N,Special Event,E36,"Fort Worth, TX"
,,,,E37,"Tampa, FL"
,,,,E38,"Tampa, FL"
,,,,E39,"Tampa, FL"
2/12/2024,,,Special Event,E4,"Washington, DC"
,,,,,
,,,,E40,"Tampa, FL"
,,,,E41,"Tampa, FL"
,,,,E42,"Tampa, FL"
,,,,E43,"Tampa, FL"
,,,,E44,"Tampa, FL"
4/15/2024,,,Outdoor,E45,"Columbus, OH"
4/15/2024,,,Outdoor,E46,"Columbus, OH"
,,,,E47,"Columbus, OH"
4/15/2024,,,Outdoor,E48,"Columbus, OH"
4/15/2024,,,Outdoor,E49,"Columbus, OH"
2/12/2024,,,Special Event,E5,"Washington, DC"
,,,,,
4/15/2024,,,Outdoor,E50,"Columbus, OH"
4/15/2024,,,Outdoor,E51,"Columbus, OH"
4/15/2024,,,Outdoor,E52,"Columbus, OH"
4/17/2024,,,Outdoor,E53,"Jacksonville, FL"
,,,,E54,"El Paso, TX"
,,,,E55,"El Paso, TX"
,,,,E56,"El Paso, TX"
,,,,E57,"El Paso, TX"
,,,,E58,"El Paso, TX"
,,,,E59,"El Paso, TX"
2/12/2024,,,Special Event,E6,"Washington, DC"
,,,,,
,,,,E60,"El Paso, TX"
,,,,E61,"El Paso, TX"
,,,,E62,"San Antonio, TX"
,,,,E63,"San Antonio, TX"
,,,,E64,"San Antonio, TX"
,,,,E65,"San Antonio, TX"
,,,,E66,"San Antonio, TX"
,,,,E67,"San Antonio, TX"
,,,,E68,"San Antonio, TX"
,,,,E69,"San Antonio, TX"
,,,,E7,"San Francisco, CA"
4/16/2024,Y,N,Outdoor,E70,"Boston, MA"
4/15/2024,Y,N,Outdoor,E71,"Fort Worth, TX"
4/15/2024,Y,N,Outdoor,E72,"Fort Worth, TX"
4/15/2024,Y,N,Outdoor,E73,"Fort Worth, TX"
4/15/2024,Y,N,Outdoor,E74,"Fort Worth, TX"
4/15/2024,Y,N,Outdoor,E75,"Fort Worth, TX"
4/15/2024,Y,N,Outdoor,E76,"Fort Worth, TX"
4/15/2024,Y,N,Outdoor,E77,"Fort Worth, TX"
4/15/2024,Y,N,Outdoor,E78,"Fort Worth, TX"
4/16/2024,Y,N,Outdoor,E79,"Boston, MA"
,,,,E8,"San Francisco, CA"
4/16/2024,Y,N,Outdoor,E80,"Boston, MA"
4/16/2024,Y,N,Outdoor,E81,"Boston, MA"
,,,,E9,"San Francisco, CA"
4/17/2024,,,Outdoor,f1,"Jacksonville, FL"
1/22/2024,Y,N,Indoor,f10,"Trenton, NJ"
1/22/2024,Y,N,Indoor,f11,"Trenton, NJ"
1/22/2024,Y,N,Outdoor,f12,"Trenton, NJ"
1/22/2024,Y,N,Outdoor,f13,"Trenton, NJ"
1/15/2024,Y,N,Indoor Transit (Train),f14,"Seattle, WA"
1/15/2024,Y,N,Indoor Transit (Train),f15,"Seattle, WA"
1/15/2024,Y,N,indoor of Mezzanine of Transit Center,f16,"Seattle, WA"
1/15/2024,Y,N,Outdoor,f17,"Seattle, WA"
1/15/2024,Y,N,Outdoor (covered),f18,"Seattle, WA"
1/15/2024,Y,N,Outdoor,f19,"Seattle, WA"
4/14/2024,Y,N,Outdoor,f2,"Boston, MA"
1/15/2024,Y,N,Outdoor,f20,"Seattle, WA"
1/15/2024,Y,N,Outdoor,f21,"Seattle, WA"
4/15/2024,,,Outdoor,f22,"Philadelphia, PA"
4/15/2024,,,Outdoor,f23,"Philadelphia, PA"
4/15/2024,,,Outdoor,f24,"Philadelphia, PA"
4/15/2024,,,Outdoor,f25,"Philadelphia, PA"
4/15/2024,,,Outdoor,f26,"Philadelphia, PA"
4/15/2024,,,Outdoor,f27,"Philadelphia, PA"
4/15/2024,,,Outdoor,f28,"Philadelphia, PA"
4/15/2024,,,Outdoor,f29,"Philadelphia, PA"
4/14/2024,Y,N,Outdoor,f3,"Boston, MA"
4/16/2024,Y,N,Outdoor,F30,"San Francisco, CA"
4/16/2024,Y,N,Outdoor,f31,"San Francisco, CA"
4/16/2024,Y,N,Outdoor,F32,"San Francisco, CA"
4/16/2024,Y,N,Outdoor,F33,"San Francisco, CA"
4/16/2024,Y,N,Outdoor,F34,"San Francisco, CA"
4/16/2024,Y,N,Outdoor,F35,"San Francisco, CA"
4/16/2024,Y,N,Outdoor,f36,"San Francisco, CA"
4/16/2024,Y,N,Outdoor,f37,"San Francisco, CA"
1/15/2024,Y,N,Outdoor,f38,"Columbus, OH"
1/15/2024,Y,N,Outdoor,f39,"Columbus, OH"
4/14/2024,Y,N,Outdoor,f4,"Boston, MA"
1/15/2024,Y,N,Outdoor,f40,"Columbus, OH"
1/15/2024,Y,N,Outdoor,f41,"Columbus, OH"
1/15/2024,Y,N,Outdoor,f42,"Columbus, OH"
1/15/2024,Y,N,Outdoor,f43,"Columbus, OH"
1/15/2024,Y,N,Outdoor,f44,"Columbus, OH"
1/15/2024,Y,N,Outdoor,f45,"Columbus, OH"
1/15/2024,Y,N,Outdoor,f46,"Columbus, OH"
1/15/2024,Y,N,Outdoor,f47,"Columbus, OH"
1/15/2024,Y,N,Outdoor,f48,"Columbus, OH"
1/15/2024,Y,N,Outdoor,f49,"Columbus, OH"
4/14/2024,Y,N,Outdoor,f5,"Boston, MA"
1/15/2024,Y,N,Outdoor,f50,"Columbus, OH"
1/15/2024,Y,N,Outdoor,f51,"Columbus, OH"
1/15/2024,Y,N,Outdoor,f52,"Columbus, OH"
1/15/2024,Y,N,Outdoor,f53,"Columbus, OH"
1/15/2024,Y,N,Outdoor,f54,"Columbus, OH"
1/15/2024,Y,N,Outdoor,f55,"Columbus, OH"
1/15/2024,Y,N,Outdoor,f56,"Columbus, OH"
1/15/2024,Y,N,Outdoor,f57,"Columbus, OH"
1/15/2024,Y,N,Outdoor,f58,"Columbus, OH"
1/15/2024,Y,N,Outdoor,f59,"Columbus, OH"
1/22/2024,Y,N,Outdoor,f6,"Trenton, NJ"
1/15/2024,Y,N,Outdoor,f60,"Columbus, OH"
1/15/2024,Y,N,Outdoor,f61,"Columbus, OH"
,,,,f62,"Baltimore, MD"
,,,,f63,"Baltimore, MD"
,,,,f64,"Baltimore, MD"
,,,,f65,"Baltimore, MD"
,,,,f66,"Baltimore, MD"
,,,,f67,"Baltimore, MD"
,,,,f68,"Baltimore, MD"
,,,,f69,"Seattle, WA"
1/22/2024,Y,N,Outdoor,f7,"Trenton, NJ"
,,,,f70,"Seattle, WA"
,,,,f71,"Seattle, WA"
,,,,f72,"Seattle, WA"
,,,,f73,"Seattle, WA"
,,,,f74,"Seattle, WA"
,,,,f75,"Seattle, WA"
,,,,f76,"Seattle, WA"
2/10/2024,Y,N,SE - Indoor,f77,"Las Vegas, NV"
2/10/2024,Y,N,SE - Indoor,f78,"Las Vegas, NV"
2/10/2024,Y,N,SE - Indoor,f79,"Las Vegas, NV"
1/22/2024,Y,N,Outdoor,f8,"Trenton, NJ"
4/17/2024,,,Outdoor,f80,"Jacksonville, FL"
4/17/2024,,,Outdoor,f81,"Jacksonville, FL"
1/22/2024,Y,N,Outdoor,f9,"Trenton, NJ"
4/16/2024,Y,N,Outdoor,G1,"Boston, MA"
1/18/2024,,,Indoor/Special Event,G10,"Los Angeles, CA"
1/18/2024,,,Outdoor/Special Event,G11,"Los Angeles, CA"
1/18/2024,,,Indoor/Special Event,G12,"Los Angeles, CA"
1/18/2024,,,Outdoor/Special Event,G13,"Los Angeles, CA"
1/18/2024,,,Outdoor,G14,"Los Angeles, CA"
1/18/2024,,,Outdoor/Special Event,G15,"Los Angeles, CA"
1/18/2024,,,Outdoor/Special Event,G16,"Los Angeles, CA"
1/18/2024,,,Indoor/Special Event,G17,"Los Angeles, CA"
1/18/2024,,,Outdoor/Special Event,G18,"Los Angeles, CA"
1/18/2024,,,Outdoor,G19,"Los Angeles, CA"
4/16/2024,Y,N,Outdoor,G2,"Boston, MA"
1/18/2024,,,Outdoor,G20,"Los Angeles, CA"
1/18/2024,,,Outdoor,G21,"Los Angeles, CA"
1/18/2024,,,Outdoor/Special Event,G22,"Los Angeles, CA"
1/18/2024,,,Outdoor,G23,"Los Angeles, CA"
1/18/2024,,,Outdoor,G24,"Los Angeles, CA"
1/18/2024,,,Outdoor/Special Event,G25,"Los Angeles, CA"
1/18/2024,,,Outdoor/Special Event,G26,"Los Angeles, CA"
1/18/2024,,,Indoor/Transit,G27,"Los Angeles, CA"
1/18/2024,,,Outdoor/Special Event,G28,"Los Angeles, CA"
,,,,G29,"Austin, TX"
4/16/2024,Y,N,Outdoor,G3,"Boston, MA"
,,,,G30,"Austin, TX"
,,,,G31,"Austin, TX"
,,,,G32,"Austin, TX"
,,,,G33,"Austin, TX"
,,,,G34,"Austin, TX"
,,,,G35,"Austin, TX"
,,,,G36,"Austin, TX"
4/22/2024,,,Outdoor,G37,"Atlanta, GA"
4/22/2024,,,Outdoor,G38,"Atlanta, GA"
4/22/2024,,,Outdoor,G39,"Atlanta, GA"
4/16/2024,Y,N,Outdoor,G4,"Boston, MA"
4/22/2024,,,Outdoor,G40,"Atlanta, GA"
4/22/2024,,,Outdoor,G41,"Atlanta, GA"
4/22/2024,,,Outdoor,G42,"Atlanta, GA"
4/22/2024,,,Outdoor,G43,"Atlanta, GA"
4/22/2024,,,Outdoor,G44,"Atlanta, GA"
,,,,G45,"San Francisco, CA"
,,,,G46,"San Francisco, CA"
,,,,G47,"San Francisco, CA"
,,,,G48,"San Francisco, CA"
,,,,G49,"San Francisco, CA"
4/16/2024,Y,N,Outdoor,G5,"Boston, MA"
,,,,G50,"San Francisco, CA"
,,,,G51,"San Francisco, CA"
,,,,G52,"San Francisco, CA"
12/19/2023,N,Partial,Outdoor,G53,"Denver, CO"
,,,,,
12/19/2023,N,N,Outdoor,G54,"Denver, CO"
12/19/2023,N,N,Outdoor,G55,"Denver, CO"
12/19/2023,N,N,Outdoor,G56,"Denver, CO"
12/19/2023,N,N,Outdoor,G57,"Denver, CO"
12/19/2023,N,N,Outdoor,G58,"Denver, CO"
12/19/2023,N,N,Outdoor,G59,"Denver, CO"
4/16/2024,Y,N,Outdoor,G6,"Boston, MA"
12/19/2023,N,Partial,Outdoor,G60,"Denver, CO"
,,,,,
12/19/2023,N,N,Outdoor,G61,"Denver, CO"
12/19/2023,N,N,Outdoor,G62,"Denver, CO"
12/19/2023,N,N,Outdoor,G63,"Denver, CO"
12/19/2023,N,Partial,Outdoor,G64,"Denver, CO"
,,,,,
12/19/2023,N,N,Outdoor,G65,"Denver, CO"
12/19/2023,N,N,Outdoor,G66,"Denver, CO"
12/19/2023,N,N,Outdoor,G67,"Denver, CO"
12/19/2023,N,N,Outdoor,G68,"Denver, CO"
4/16/2024,,,Outdoor,G69,"Phoenix, AZ"
4/16/2024,Y,N,Outdoor,G7,"Boston, MA"
4/16/2024,,,Outdoor,G70,"Phoenix, AZ"
4/16/2024,,,Outdoor,G71,"Phoenix, AZ"
4/16/2024,,,Outdoor,G72,"Phoenix, AZ"
4/16/2024,,,Outdoor,G73,"Phoenix, AZ"
4/16/2024,,,Outdoor,G74,"Phoenix, AZ"
4/16/2024,,,Outdoor,G75,"Phoenix, AZ"
4/16/2024,,,Outdoor,G76,"Phoenix, AZ"
,,,,G77,"Philadelphia, PA"
2/10/2024,Y,N,SE - Outdoor,G78,"Las Vegas, NV"
2/10/2024,Y,N,SE - Outdoor,G79,"Las Vegas, NV"
4/16/2024,Y,N,Outdoor,G8,"Boston, MA"
2/10/2024,Y,N,SE - Outdoor,G80,"Las Vegas, NV"
4/17/2024,,,Outdoor,G81,"Jacksonville, FL"
1/18/2024,,,Outdoor,G9,"Los Angeles, CA"
4/15/2024,,,Outdoor,h1,"Columbus, OH"
4/15/2024,Y,N,Indoor,h10,"New York, NY"
4/16/2024,Y,N,Outdoor,h11,"New York, NY"
4/16/2024,Y,N,Outdoor,h12,"New York, NY"
4/15/2024,Y,N,Indoor,h13,"New York, NY"
4/16/2024,Y,N,Transit,h14,"New York, NY"
4/15/2024,Y,N,Indoor,h15,"New York, NY"
4/16/2024,Y,N,Transit,h16,"New York, NY"
,,,Indoor/ Facility,h17,"New York, NY"
,,,Indoor/ Facility,h18,"New York, NY"
,,,Indoor/ Facility,h19,"New York, NY"
4/15/2024,,,Outdoor,h2,"Columbus, OH"
2/10/2024,"Y* stored at room temperature overnight, moved to 4°C at 12n on 2/11/24",N,SE - Outdoor,h20,"Las Vegas, NV"
2/10/2024,"Y* stored at room temperature overnight, moved to 4°C at 12n on 2/11/24",N,SE - Outdoor,h21,"Las Vegas, NV"
2/10/2024,"Y* stored at room temperature overnight, moved to 4°C at 12n on 2/11/24",N,SE - Outdoor,h22,"Las Vegas, NV"
1/17/2024,Y,N,Outdoor,h23,"Atlanta, GA"
7:33:23,,,,,
1/17/2024,Y,N,Outdoor,h24,"Atlanta, GA"
7:15:20,,,,,
1/17/2024,Y,N,Outdoor,h25,"Atlanta, GA"
6:07:57,,,,,
1/17/2024,Y,N,Outdoor,h26,"Atlanta, GA"
7:39:52,,,,,
1/17/2024,Y,N,Outdoor,h27,"Atlanta, GA"
5:38:09,,,,,
1/17/2024,Y,N,Outdoor,h28,"Atlanta, GA"
6:32:59,,,,,
1/17/2024,Y,N,Outdoor,h29,"Atlanta, GA"
8:06:13,,,,,
4/15/2024,,,Outdoor,h3,"Columbus, OH"
1/17/2024,Y,N,Outdoor,h30,"Atlanta, GA"
6:07:29,,,,,
,,,,h31,"Tampa, FL"
,,,,h32,"Tampa, FL"
,,,,h33,"Tampa, FL"
,,,,h34,"Tampa, FL"
,,,,h35,"Tampa, FL"
,,,,h36,"Tampa, FL"
,,,,h37,"Tampa, FL"
,,,,h38,"Tampa, FL"
,,,,h39,"Tampa, FL"
4/15/2024,,,Outdoor,h4,"Columbus, OH"
,,,,h40,"Tampa, FL"
,,,,h41,"Tampa, FL"
,,,,h42,"Tampa, FL"
,,,,h43,"Tampa, FL"
,,,,h44,"Tampa, FL"
,,,,h45,"Tampa, FL"
,,,,h46,"Tampa, FL"
,,,,h47,"Detroit, MI"
,,,,h48,"Detroit, MI"
,,,,h49,"Detroit, MI"
4/15/2024,,,Outdoor,h5,"Columbus, OH"
,,,,h50,"Detroit, MI"
,,,,h51,"Detroit, MI"
,,,,h52,"Detroit, MI"
,,,,h53,"Detroit, MI"
,,,,h54,"Detroit, MI"
4/15/2024,Y,N,Outdoor,h55,"El Paso, TX"
4/15/2024,Y,N,Outdoor,h56,"El Paso, TX"
4/15/2024,Y,N,Outdoor,h57,"El Paso, TX"
4/15/2024,Y,N,Outdoor,h58,"El Paso, TX"
4/15/2024,Y,N,Outdoor,h59,"El Paso, TX"
,,,,h6,"Columbus, OH"
4/15/2024,Y,N,Outdoor,h60,"El Paso, TX"
4/15/2024,Y,N,Outdoor,h61,"El Paso, TX"
4/15/2024,Y,N,Outdoor,h62,"El Paso, TX"
1/16/2024,Y,N,Outdoor,h63,"Miami, FL"
1/16/2024,Y,N,Outdoor,h64,"Miami, FL"
1/16/2024,Y,N,Outdoor,h65,"Miami, FL"
1/16/2024,Y,N,Outdoor,h66,"Miami, FL"
1/16/2024,Y,N,Outdoor,h67,"Miami, FL"
1/16/2024,Y,N,Outdoor,h68,"Miami, FL"
1/16/2024,Y,Partial,Outdoor,h69,"Miami, FL"
4/15/2024,,,Outdoor,h7,"Columbus, OH"
1/16/2024,Y,N,Outdoor,h70,"Miami, FL"
,,,,h71,"Los Angeles, CA"
,,,,h72,"Los Angeles, CA"
,,,,h73,"Los Angeles, CA"
,,,,h74,"Los Angeles, CA"
,,,,h75,"Los Angeles, CA"
,,,,h76,"Los Angeles, CA"
,,,,h77,"Los Angeles, CA"
,,,,h78,"Los Angeles, CA"
2/10/2024,"Y* stored at room temperature overnight, moved to 4°C at 12n on 2/11/24",N,SE - Indoor,h79,"Las Vegas, NV"
4/15/2024,,,Outdoor,h8,"Columbus, OH"
2/10/2024,"Y* stored at room temperature overnight, moved to 4°C at 12n on 2/11/24",N,SE - Indoor,h80,"Las Vegas, NV"
2/10/2024,"Y* stored at room temperature overnight, moved to 4°C at 12n on 2/11/24",N,SE - Indoor,h81,"Las Vegas, NV"
4/16/2024,Y,N,Outdoor,h9,"New York, NY"
1/23/2024,Y,N,Outdoor,i1,"Houston, TX"
12/17/2023,Y,N,Indoor,i10,"Seattle, WA"
12/17/2023,Y,N,Outdoor,i11,"Seattle, WA"
12/17/2023,Y,N,Outdoor,i12,"Seattle, WA"
12/17/2023,Y,N,Indoor,i13,"Seattle, WA"
12/17/2023,Y,N,Outdoor,i14,"Seattle, WA"
12/17/2023,Y,N,Outdoor,i15,"Seattle, WA"
12/17/2023,Y,N,Outdoor,i16,"Seattle, WA"
12/17/2023,Y,N,Outdoor,i17,"Seattle, WA"
12/17/2023,Y,N,Outdoor,i18,"Seattle, WA"
12/17/2023,Y,N,Indoor,i19,"Seattle, WA"
1/23/2024,Y,N,Outdoor,i2,"Houston, TX"
12/17/2023,Y,N,Outdoor,i20,"Seattle, WA"
12/17/2023,Y,N,Outdoor,i21,"Seattle, WA"
1/22/2024,Y,N,Outdoor,i22,"Chicago, IL"
1/22/2024,Y,N,Outdoor,i23,"Chicago, IL"
1/22/2024,Y,N,Outdoor,i24,"Chicago, IL"
1/22/2024,Y,N,Outdoor,i25,"Chicago, IL"
1/22/2024,Y,N,Outdoor,i26,"Chicago, IL"
1/22/2024,Y,N,Outdoor,i27,"Chicago, IL"
1/22/2024,Y,N,Outdoor,i28,"Chicago, IL"
1/22/2024,Y,N,Outdoor,i29,"Chicago, IL"
1/23/2024,Y,N,Outdoor,i3,"Houston, TX"
12/17/2023,Y,N,Outdoor,i30,"Seattle, WA"
12/17/2023,Y,N,Outdoor,i31,"Seattle, WA"
1/15/2024,Y,N,Outdoor,i32,"Richmond, VA"
1/15/2024,Y,N,Outdoor,i33,"Richmond, VA"
1/15/2024,Y,N,Outdoor,i34,"Richmond, VA"
1/15/2024,Y,N,Outdoor,i35,"Richmond, VA"
1/15/2024,Y,N,Outdoor,i36,"Richmond, VA"
1/23/2024,Y,N,Outdoor,i37,"Detroit, MI"
1/23/2024,Y,N,Outdoor,i38,"Detroit, MI"
1/23/2024,Y,N,Outdoor,i39,"Detroit, MI"
1/23/2024,Y,N,Outdoor,i4,"Houston, TX"
1/23/2024,Y,N,Outdoor,i40,"Detroit, MI"
1/23/2024,Y,N,Outdoor,i41,"Detroit, MI"
1/23/2024,Y,N,Outdoor,i42,"Detroit, MI"
1/23/2024,Y,N,Outdoor,i43,"Detroit, MI"
1/23/2024,Y,N,Outdoor,i44,"Detroit, MI"
,,,,i45,"Denver, CO"
,,,,i46,"Denver, CO"
,,,,i47,"Denver, CO"
,,,,i48,"Denver, CO"
,,,,i49,"Denver, CO"
1/23/2024,Y,N,Outdoor,i5,"Houston, TX"
,,,,i50,"Denver, CO"
,,,,i51,"Denver, CO"
,,,,i52,"Denver, CO"
1/23/2024,,,,i53,"Boston, MA"
1/23/2024,,,,i54,"Boston, MA"
1/23/2024,,,,i55,"Boston, MA"
1/23/2024,,,,i56,"Boston, MA"
1/23/2024,,,,i57,"Boston, MA"
1/23/2024,,,,i58,"Boston, MA"
1/23/2024,,,,i59,"Boston, MA"
1/23/2024,Y,N,Outdoor,i6,"Houston, TX"
1/23/2024,,,,i60,"Boston, MA"
1/22/2024,Y,N,Outdoor,i61,"Chicago, IL"
1/22/2024,Y,N,Outdoor,i62,"Chicago, IL"
1/22/2024,Y,N,Outdoor,i63,"Chicago, IL"
1/22/2024,Y,N,Outdoor,i64,"Chicago, IL"
1/22/2024,Y,N,Outdoor,i65,"Chicago, IL"
1/22/2024,Y,N,Outdoor,i66,"Chicago, IL"
1/22/2024,Y,N,Outdoor,i67,"Chicago, IL"
1/22/2024,Y,N,Outdoor,i68,"Chicago, IL"
,,,,i69,"Washington, DC"
1/23/2024,Y,N,Outdoor,i7,"Houston, TX"
,,,,i70,"Washington, DC"
,,,,i71,"Washington, DC"
,,,,i72,"Washington, DC"
,,,,i73,"Washington, DC"
,,,,i74,"Washington, DC"
,,,,i75,"Washington, DC"
,,,,i76,"Washington, DC"
2/10/2024,"Y* stored at room temperature overnight, moved to 4°C at 12n on 2/11/24",N,SE - Outdoor,i77,"Las Vegas, NV"
2/10/2024,"Y* stored at room temperature overnight, moved to 4°C at 12n on 2/11/24",N,SE - Outdoor,i78,"Las Vegas, NV"
2/10/2024,"Y* stored at room temperature overnight, moved to 4°C at 12n on 2/11/24",N,SE - Outdoor,i79,"Las Vegas, NV"
1/23/2024,Y,N,Outdoor,i8,"Houston, TX"
4/17/2024,,,Outdoor,i80,"Jacksonville, FL"
12/17/2023,Y,N,Outdoor,i9,"Seattle, WA"
1/15/2024,Y,Y,Outdoor,J1,"Austin, TX"
1/23/2024,Y,N,Outdoor,J10,"St. Louis, MO"
7/14/2024,Y,N,Outdoor,J100,"San Antonio, TX"
1/23/2024,Y,N,Outdoor,J11,"St. Louis, MO"
1/23/2024,Y,N,Outdoor,J12,"St. Louis, MO"
1/23/2024,Y,N,Outdoor,J13,"St. Louis, MO"
1/23/2024,Y,N,Outdoor,J14,"St. Louis, MO"
1/23/2024,Y,N,Outdoor,J15,"St. Louis, MO"
1/23/2024,Y,N,Outdoor,J16,"St. Louis, MO"
1/22/2024,Y,N,Outdoor,J17,"Minneapolis, MN"
1/22/2024,Y,N,Transit,J18,"Minneapolis, MN"
1/22/2024,Y,N,Outdoor,J19,"Minneapolis, MN"
1/15/2024,Y,Y,Outdoor,J2,"Austin, TX"
1/22/2024,Y,N,Outdoor,J20,"Minneapolis, MN"
1/22/2024,Y,N,Outdoor,J21,"Minneapolis, MN"
1/22/2024,Y,N,Transit,J22,"Minneapolis, MN"
1/22/2024,Y,N,Outdoor,J23,"Minneapolis, MN"
1/22/2024,Y,N,Special event,J24,"Minneapolis, MN"
1/22/2024,Y,N,Outdoor,J25,MD
1/22/2024,Y,N,Outdoor,J26,MD
1/22/2024,Y,N,Outdoor,J27,MD
1/22/2024,Y,N,Outdoor,J28,MD
1/22/2024,Y,N,Outdoor,J29,MD
1/15/2024,Y,Y,Outdoor,J3,"Austin, TX"
1/22/2024,Y,N,Outdoor,J30,MD
1/22/2024,Y,N,Outdoor,J31,MD
1/22/2024,Y,N,Outdoor,J32,"Chicago, IL"
1/22/2024,Y,N,Outdoor,J33,"Chicago, IL"
1/22/2024,Y,N,Outdoor,J34,"Chicago, IL"
1/22/2024,Y,N,Outdoor,J35,"Chicago, IL"
1/22/2024,Y,N,Outdoor,J36,"Chicago, IL"
1/22/2024,Y,N,Outdoor,J37,"Chicago, IL"
1/22/2024,Y,N,Outdoor,J38,"Chicago, IL"
1/22/2024,Y,N,Outdoor,J39,"Chicago, IL"
1/15/2024,Y,Y,Outdoor,J4,"Austin, TX"
1/17/2024,N,N,Outdoor,J40,"Jacksonville, FL"
1/17/2024,N,N,Outdoor,J41,"Jacksonville, FL"
1/17/2024,N,N,Outdoor,J42,"Jacksonville, FL"
1/17/2024,N,N,Outdoor,J43,"Jacksonville, FL"
1/17/2024,N,N,Outdoor,J44,"Jacksonville, FL"
1/17/2024,N,N,Outdoor,J45,"Jacksonville, FL"
1/17/2024,N,N,Outdoor,J46,"Jacksonville, FL"
1/17/2024,N,N,Outdoor,J47,"Jacksonville, FL"
,,,,J48,"Philadelphia, PA"
,,,,J49,"Philadelphia, PA"
1/15/2024,Y,Y,Outdoor,J5,"Austin, TX"
,,,,J50,"Philadelphia, PA"
,,,,J51,"Philadelphia, PA"
,,,,J52,"Philadelphia, PA"
,,,,J53,"Philadelphia, PA"
,,,,J54,"Philadelphia, PA"
,,,,J55,"Columbus, OH"
7/16/2024,,,Outdoor,J56,"Columbus, OH"
7/16/2024,,,Outdoor,J57,"Columbus, OH"
7/16/2024,,,Outdoor,J58,"Columbus, OH"
7/16/2024,,,Outdoor,J59,"Columbus, OH"
1/15/2024,Y,Y,Outdoor,J6,"Austin, TX"
7/16/2024,,,Outdoor,J60,"Columbus, OH"
7/16/2024,,,Outdoor,J61,"Columbus, OH"
7/16/2024,,,Outdoor,J62,"Columbus, OH"
7/16/2024,,,Outdoor,J63,"Columbus, OH"
7/16/2024,Y,N,Outdoor,J64,"Columbus, OH"
7/16/2024,Y,N,Outdoor,J65,"Columbus, OH"
7/16/2024,Y,N,Outdoor,J66,"Columbus, OH"
7/16/2024,,,Outdoor,J67,"Columbus, OH"
7/16/2024,,,Outdoor,J68,"Columbus, OH"
7/16/2024,Y,N,Outdoor,J69,"Columbus, OH"
1/15/2024,Y,Y,Outdoor,J7,"Austin, TX"
,,,,J70,"Columbus, OH"
7/16/2024,,,Outdoor,J71,"Columbus, OH"
7/16/2024,,,Outdoor,J72,"Columbus, OH"
7/16/2024,,,Outdoor,J73,"Columbus, OH"
7/16/2024,,,Outdoor,J74,"Columbus, OH"
7/16/2024,,,Outdoor,J75,"Columbus, OH"
7/16/2024,,,Outdoor,J76,"Columbus, OH"
,,,,J77,"Columbus, OH"
7/16/2024,,,Outdoor,J78,"Columbus, OH"
7/16/2024,,,Outdoor,J79,"Columbus, OH"
1/15/2024,Y,Y,Outdoor,J8,"Austin, TX"
7/16/2024,,,Outdoor,J80,"Columbus, OH"
7/16/2024,,,Outdoor,J81,"Columbus, OH"
N/A (Shipped with 7/16/2024),Y,N,,J82,"Trenton, NJ"
7/16/2024,Y,N,Indoor,J83,"Trenton, NJ"
7/16/2024,Y,N,Indoor,J84,"Trenton, NJ"
7/16/2024,Y,N,Outdoor,J85,"Trenton, NJ"
7/16/2024,Y,N,Outdoor,J86,"Trenton, NJ"
7/16/2024,Y,N,Outdoor,J87,"Trenton, NJ"
7/16/2024,Y,N,Outdoor,J88,"Trenton, NJ"
7/16/2024,Y,N,Outdoor,J89,"Trenton, NJ"
1/23/2024,Y,N,Outdoor,J9,"St. Louis, MO"
7/16/2024,Y,N,Outdoor,J90,"Trenton, NJ"
7/22/2024,,,Outdoor,J91,"Minneapolis, MN"
7/22/2024,,,Outdoor,J92,"Minneapolis, MN"
7/22/2024,,,Special Event,J93,"Minneapolis, MN"
7/22/2024,,,Outdoor,J94,"Minneapolis, MN"
7/22/2024,,,Outdoor,J95,"Minneapolis, MN"
7/22/2024,,,Outdoor,J96,"Minneapolis, MN"
7/22/2024,,,Transit,J97,"Minneapolis, MN"
7/22/2024,,,Transit,J98,"Minneapolis, MN"
,,,,J99,"Minneapolis, MN"
,,,,K1,"Miami, FL"
7/22/2024,Y,N,Outdoor,K10,"Detroit, MI"
7/22/2024,Y,N,Outdoor,K11,"Detroit, MI"
7/22/2024,Y,N,Outdoor,K12,"Detroit, MI"
7/22/2024,Y,N,Outdoor,K13,"Detroit, MI"
7/22/2024,Y,N,Outdoor,K14,"Detroit, MI"
7/22/2024,Y,Partial,Outdoor,K15,"Detroit, MI"
7/22/2024,Y,Partial,Outdoor,K16,"Detroit, MI"
7/22/2024,Y,Partial,Outdoor,K17,"Detroit, MI"
7/22/2024,Y,N,Outdoor,K18,"Detroit, MI"
7/16/2024,,,Outdoor,K19,"Los Angeles, CA"
,,,,K2,"Miami, FL"
7/16/2024,,,Outdoor,K20,"Los Angeles, CA"
7/16/2024,,,Indoor,K21,"Los Angeles, CA"
7/16/2024,,,Select,K22,"Los Angeles, CA"
7/16/2024,,,Outdoor,K23,"Los Angeles, CA"
7/16/2024,,,Outdoor,K24,"Los Angeles, CA"
7/16/2024,,,Outdoor,K25,"Los Angeles, CA"
7/16/2024,,,Outdoor,K26,"Los Angeles, CA"
7/16/2024,,,Outdoor,K27,"Los Angeles, CA"
7/16/2024,Y,N,Outdoor,K28,"Las Vegas, NV"
7/16/2024,N,,,K29,"Las Vegas, NV"
,,,,K3,"Miami, FL"
7/16/2024,Y,N,Outdoor,K30,"Las Vegas, NV"
7/16/2024,Y,N,Outdoor,K31,"Las Vegas, NV"
7/16/2024,Y,N,Outdoor,K32,"Las Vegas, NV"
7/16/2024,Y,N,Outdoor,K33,"Las Vegas, NV"
7/16/2024,Y,N,Outdoor,K34,"Las Vegas, NV"
7/16/2024,Y,N,Outdoor,K35,"Las Vegas, NV"
7/16/2024,Y,N,Outdoor,K36,"Las Vegas, NV"
7/22/2024,Y,N,Outdoor,K37,"Chicago, IL"
7/22/2024,Y,N,Outdoor,K38,"Chicago, IL"
7/22/2024,Y,N,Outdoor,K39,"Chicago, IL"
,,,,K4,"Miami, FL"
7/22/2024,Y,N,Outdoor,K40,"Chicago, IL"
7/22/2024,Y,N,Outdoor,K41,"Chicago, IL"
7/22/2024,Y,N,Outdoor,K42,"Chicago, IL"
7/22/2024,Y,N,Outdoor,K43,"Chicago, IL"
7/22/2024,Y,N,Outdoor,K44,"Chicago, IL"
7/15/2024,,,Outdoor,K45,"New York, Ny"
7/15/2024,,,Outdoor,K46,"New York, Ny"
7/15/2024,,,Outdoor,K47,"New York, Ny"
7/15/2024,,,Outdoor,K48,"New York, Ny"
7/15/2024,,,Indoor,K49,"New York, Ny"
,,,,K5,"Miami, FL"
7/15/2024,,,Indoor,K50,"New York, Ny"
7/15/2024,,,Outdoor,K51,"New York, Ny"
7/14/2024,,,Indoor,K52,"New York, Ny"
7/22/2024,Y,N,outdoor,K53,Maryland 
7/22/2024,Y,N,outdoor,K54,Maryland 
7/22/2024,Y,N,outdoor,K55,Maryland 
7/22/2024,Y,N,outdoor,K56,Maryland 
7/22/2024,Y,N,outdoor,K57,Maryland 
7/22/2024,Y,N,outdoor,K58,Maryland 
7/22/2024,Y,N,outdoor,K59,Maryland 
7/24/2024,Y,N,Indoor,K59,"Seattle, WA"
,,,,K6,"Miami, FL"
7/22/2024,Y,N,outdoor,K60,Maryland 
7/24/2024,Y,N,Outdoor,K61,"Seattle, WA"
7/24/2024,Y,N,Indoor,K62,"Seattle, WA"
7/24/2024,Y,N,Transit,K64,"Seattle, WA"
7/24/2024,Y,N,Outdoor,K66,"Seattle, WA"
7/24/2024,Y,N,Outdoor,K67,"Seattle, WA"
7/24/2024,Y,N,Outdoor,K68,"Seattle, WA"
7/24/2024,Y,N,Outdoor,K69,"Seattle, WA"
,,,,K7,"Miami, FL"
4/21/2024,Y,N,NF,K70,"Atlanta, GA"
4/22/2024,Y,N,Outdoor,K71,"Atlanta, GA"
4/22/2024,Y,N,Outdoor,K72,"Atlanta, GA"
4/22/2024,Y,N,Outdoor,K73,"Atlanta, GA"
4/22/2024,Y,N,Outdoor,K74,"Atlanta, GA"
4/22/2024,Y,N,Outdoor,K75,"Atlanta, GA"
4/22/2024,Y,N,Outdoor,K76,"Atlanta, GA"
4/22/2024,Y,N,Outdoor,K77,"Atlanta, GA"
4/22/2024,Y,N,Outdoor,K78,"Atlanta, GA"
,,,,K8,"Miami, FL"
,,,,K9,"Miami, FL"
7/22/2024,Y,N,Outdoor,L1,"Chicago, IL"
7/16/2024,Y,N,Outdoor,L10,"Tampa, FL"
7/16/2024,Y,N,Outdoor,L11,"Tampa, FL"
7/16/2024,Y,N,Outdoor,L12,"Tampa, FL"
7/16/2024,Y,N,Outdoor,L13,"Tampa, FL"
N/A,Y,N,Indoor,L14,"Tampa, FL"
(Shipped on 7/17/2024),,,,,
7/16/2024,Y,N,Outdoor,L15,"Tampa, FL"
7/16/2024,Y,N,Outdoor,L16,"Tampa, FL"
7/16/2024,Y,N,Outdoor,L17,"Tampa, FL"
7/21/2024,Y,N,Outdoor,L18,"Miami, FL"
7/21/2024,Y,N,Outdoor,L19,"Miami, FL"
7/22/2024,Y,N,Outdoor,L2,"Chicago, IL"
7/21/2024,Y,N,Outdoor,L20,"Miami, FL"
7/21/2024,Y,N,Outdoor,L21,"Miami, FL"
7/21/2024,Y,N,Outdoor,L22,"Miami, FL"
7/21/2024,Y,N,Outdoor,L23,"Miami, FL"
7/21/2024,Y,N,Outdoor,L24,"Miami, FL"
7/21/2024,Y,N,Outdoor,L25,"Miami, FL"
7/21/2024,Y,N,Outdoor,L26,"Miami, FL"
7/22/2024,Y,N,Outdoor,L27,"St. Louis, MO"
7/22/2024,Y,N,Outdoor,L28,"St. Louis, MO"
7/22/2024,Y,N,Outdoor,L29,"St. Louis, MO"
7/22/2024,Y,N,Outdoor,L3,"Chicago, IL"
7/22/2024,Y,N,Outdoor,L30,"St. Louis, MO"
7/22/2024,Y,N,Outdoor,L31,"St. Louis, MO"
7/22/2024,Y,N,Outdoor,L32,"St. Louis, MO"
7/22/2024,Y,N,Outdoor,L33,"St. Louis, MO"
7/22/2024,Y,N,Outdoor,L34,"St. Louis, MO"
7/22/2024,Y,N,Outdoor,L35,"Boston, MA"
7/22/2024,Y,N,Outdoor,L36,"Boston, MA"
7/22/2024,Y,N,Outdoor,L37,"Boston, MA"
7/22/2024,Y,N,Outdoor,L38,"Boston, MA"
7/22/2024,Y,N,Outdoor,L39,"Boston, MA"
7/22/2024,Y,N,Outdoor,L4,"Chicago, IL"
7/22/2024,Y,N,Indoor,L40,"Boston, MA"
7/22/2024,Y,N,Outdoor,L41,"Boston, MA"
7/22/2024,Y,N,Outdoor,L42,"Boston, MA"
7/22/2024,Y,N,Outdoor,L43,"Boston, MA"
7/24/2024,N,N,Outdoor,L44,"Denver, CO"
7/24/2024,N,N,Outdoor,L45,"Denver, CO"
7/24/2024,N,N,Indoor,L46,"Denver, CO"
7/24/2024,N,N,Outdoor,L47,"Denver, CO"
7/24/2024,N,N,Outdoor,L48,"Denver, CO"
7/24/2024,N,N,Outdoor,L49,"Denver, CO"
7/22/2024,Y,N,Outdoor,L5,"Chicago, IL"
7/24/2024,N,N,Outdoor,L50,"Denver, CO"
7/24/2024,N,N,Outdoor,L51,"Denver, CO"
7/24/2024,N,N,Outdoor,L52,"Denver, CO"
,,,,L53,"Miami, FL"
,,,,L54,"Miami, FL"
,,,,L55,"Miami, FL"
,,,,L56,"Miami, FL"
,,,,L57,"Miami, FL"
,,,,L58,"Miami, FL"
,,,,L59,"Miami, FL"
7/22/2024,Y,N,Indoor,L6,"Chicago, IL"
,,,,L60,"Miami, FL"
,,,,L61,"Miami, FL"
7/23/2024,Y,N,Outdoor,L62,"Houston, TX"
7/23/2024,Y,N,Outdoor,L63,"Houston, TX"
7/23/2024,Y,N,Outdoor,L64,"Houston, TX"
7/23/2024,Y,N,Outdoor,L65,"Houston, TX"
7/23/2024,Y,N,Outdoor,L66,"Houston, TX"
7/23/2024,Y,N,Outdoor,L67,"Houston, TX"
7/23/2024,Y,N,Outdoor,L68,"Houston, TX"
7/23/2024,Y,N,Outdoor,L69,"Houston, TX"
7/22/2024,Y,N,Outdoor,L7,"Chicago, IL"
,,,,L70,.
,,,,L71,.
7/17/2024,,,Outdoor,L72,"Richmond, VA"
,,,,L73,.
,,,,L74,.
N/A,N/A,N/A,N/A,L75,"Houston, TX"
(Shipped on 7/23/2024),,,,,
7/17/2024,,,Outdoor,L76,"Richmond, VA"
7/17/2024,,,Outdoor,L77,"Richmond, VA"
7/17/2024,,,Outdoor,L78,"Richmond, VA"
7/17/2024,,,Outdoor,L79,"Richmond, VA"
7/22/2024,Y,N,Outdoor,L8,"Chicago, IL"
7/16/2024,Y,N,Outdoor,L9,"Tampa, FL"
7/22/2024,Y,N,Outdoor,M1,"Chicago, IL"
,,,,M10,?
,,,,M11,?
,,,,M12,?
,,,,M13,?
,,,,M14,?
,,,,M15,?
,,,,M16,?
,,,,M17,?
10/14/2024,Y,N,Outdoor,M18,"Los Angeles, CA"
10/14/2024,Y,N,Outdoor,M19,"Los Angeles, CA"
7/22/2024,Y,N,Outdoor,M2,"Chicago, IL"
10/14/2024,Y,N,Outdoor,M20,"Los Angeles, CA"
10/14/2024,Y,N,Select,M21,"Los Angeles, CA"
10/14/2024,Y,N,Outdoor,M22,"Los Angeles, CA"
10/14/2024,Y,N,Outdoor,M23,"Los Angeles, CA"
10/14/2024,Y,N,Outdoor,M24,"Los Angeles, CA"
10/14/2024,Y,N,Indoor,M25,"Los Angeles, CA"
10/14/2024,Y,N,Outdoor,M26,"Los Angeles, CA"
10/14/2024,Y,N,Outdoor,M27,"Detroit, MI"
10/14/2024,Y,N,Outdoor,M28,"Detroit, MI"
10/14/2024,Y,N,Outdoor,M29,"Detroit, MI"
7/22/2024,Y,N,Outdoor,M3,"Chicago, IL"
10/14/2024,Y,N,Outdoor,M30,"Detroit, MI"
10/14/2024,Y,N,Outdoor,M31,"Detroit, MI"
10/14/2024,Y,N,Outdoor,M32,"Detroit, MI"
10/14/2024,Y,N,Outdoor,M33,"Detroit, MI"
10/14/2024,Y,N,Outdoor,M34,"Detroit, MI"
10/14/2024,,,Indoor,M35,"Detroit, MI"
10/15/2024,Y,N,Special Event,M36,"Minneapolis, MN"
10/15/2024,N/A,N/A,N/A,M37,"Minneapolis, MN"
10/15/2024,Y,N,Outdoor,M38,"Minneapolis, MN"
10/15/2024,Y,N,Outdoor,M39,"Minneapolis, MN"
7/22/2024,Y,N,Outdoor,M4,"Chicago, IL"
10/15/2024,Y,N,Transit,M40,"Minneapolis, MN"
10/15/2024,Y,N,Outdoor,M41,"Minneapolis, MN"
10/15/2024,Y,N,Outdoor,M42,"Minneapolis, MN"
10/15/2024,Y,N,Transit,M43,"Minneapolis, MN"
10/15/2024,Y,N,Outdoor,M44,"Minneapolis, MN"
,,,,M45,"El Paso, TX"
,,,,M46,"El Paso, TX"
,,,,M47,"El Paso, TX"
,,,,M48,"El Paso, TX"
,,,,M49,"El Paso, TX"
7/22/2024,Y,N,Outdoor,M5,"Chicago, IL"
,,,,M50,"El Paso, TX"
,,,,M51,"El Paso, TX"
,,,,M52,"El Paso, TX"
,,,,M53,"El Paso, TX"
10/22/2024,N/A,N/A,N/A,M54,"Houston, TX"
10/22/2024,Y,N,Outdoor,M55,"Houston, TX"
10/22/2024,Y,N,Outdoor,M56,"Houston, TX"
10/22/2024,Y,Y,Outdoor,M57,"Houston, TX"
10/22/2024,Y,Y,Outdoor,M58,"Houston, TX"
10/22/2024,Y,N,Outdoor,M59,"Houston, TX"
7/22/2024,Y,N,Outdoor,M6,"Chicago, IL"
10/22/2024,Y,N,Outdoor,M60,"Houston, TX"
10/22/2024,Y,N,Outdoor,M61,"Houston, TX"
10/22/2024,Y,N,Outdoor,M62,"Houston, TX"
10/22/2024,Y,N,Outdoor,M63,"Atlanta, GA"
10/22/2024,Y,N,Outdoor,M64,"Atlanta, GA"
10/22/2024,Y,N,Outdoor,M65,"Atlanta, GA"
10/22/2024,Y,N,Outdoor,M66,"Atlanta, GA"
10/22/2024,Y,N,Outdoor,M67,"Atlanta, GA"
10/22/2024,Y,N,Outdoor,M68,"Atlanta, GA"
10/22/2024,Y,N,Outdoor,M69,"Atlanta, GA"
7/22/2024,Y,N,Outdoor,M7,"Chicago, IL"
10/22/2024,Y,N,Outdoor,M70,"Atlanta, GA"
10/22/2024,Y,N,Outdoor,M71,"Atlanta, GA"
,,,,M72,"Denver, CO"
10/30/2024,,,Outdoor,M73,"Denver, CO"
10/30/2024,,,Outdoor,M74,"Denver, CO"
10/30/2024,,,Outdoor,M75,"Denver, CO"
10/30/2024,,,Outdoor,M76,"Denver, CO"
10/30/2024,,,Outdoor,M77,"Denver, CO"
,,,,M78,"Denver, CO"
10/30/2024,,,Outdoor,M79,"Denver, CO"
7/22/2024,Y,N,Outdoor,M8,"Chicago, IL"
10/30/2024,,,Outdoor,M80,"Denver, CO"
10/21/2024,N,Outdoor,Y,M81,"Jacksonville, FL"
10/21/2024,N,Outdoor,Y,M82,"Jacksonville, FL"
10/21/2024,N,Outdoor,Y,M83,"Jacksonville, FL"
10/21/2024,N,Outdoor,Y,M84,"Jacksonville, FL"
10/21/2024,N,Outdoor,Y,M85,"Jacksonville, FL"
10/21/2024,N,Outdoor,Y,M86,"Jacksonville, FL"
10/21/2024,N,Outdoor,Y,M87,"Jacksonville, FL"
10/21/2024,N,Outdoor,Y,M88,"Jacksonville, FL"
10/21/2024,N/A,N/A,N/A,M89,"Jacksonville, FL"
,,,,M9,?
10/21/2024,N/A,N/A,N/A,M90,"Jacksonville, FL"
10/22/2024,N/A,N/A,N/A,M91,"St. Louis, MO"
10/22/2024,Y,N,Outdoor,M92,"St. Louis, MO"
10/22/2024,Y,N,Outdoor,M93,"St. Louis, MO"
10/22/2024,Y,N,Outdoor,M94,"St. Louis, MO"
10/22/2024,Y,N,Outdoor,M95,"St. Louis, MO"
10/22/2024,Y,N,Outdoor,M96,"St. Louis, MO"
10/22/2024,Y,N,Outdoor,M97,"St. Louis, MO"
10/22/2024,Y,N,Outdoor,M98,"St. Louis, MO"
10/22/2024,Y,N,Outdoor,M99,"St. Louis, MO"
10/15/2024,Y,N,Outdoor,N1,"Philadelphia, PA"
10/23/2024,Y,N,Outdoor,N10,"San Diego, CA"
10/23/2024,Y,N,Outdoor,N11,"San Diego, CA"
10/23/2024,Y,N,Outdoor,N12,"San Diego, CA"
10/23/2024,Y,N,Outdoor,N13,"San Diego, CA"
10/23/2024,Y,N,Outdoor,N14,"San Diego, CA"
10/23/2024,Y,N,Outdoor,N15,"San Diego, CA"
10/23/2024,Y,N,Outdoor,N16,"San Diego, CA"
10/23/2024,Y,N,Outdoor,N17,"San Diego, CA"
,,,,N18,"Miami, FL"
,,,,N19,"Miami, FL"
10/15/2024,Y,N,Outdoor,N2,"Philadelphia, PA"
,,,,N20,"Miami, FL"
,,,,N21,"Miami, FL"
,,,,N22,"Miami, FL"
,,,,N23,"Miami, FL"
,,,,N24,"Miami, FL"
,,,,N25,"Miami, FL"
,,,,N26,"Miami, FL"
10/22/2024,Y,N,Outdoor,N27,"Denver, CO"
10/22/2024,Y,N,Outdoor,N28,"Denver, CO"
10/22/2024,Y,N,Outdoor,N29,"Denver, CO"
10/15/2024,Y,N,Outdoor,N3,"Philadelphia, PA"
10/22/2024,Y,N,Outdoor,N30,"Denver, CO"
10/22/2024,Y,N,Outdoor,N31,"Denver, CO"
10/22/2024,Y,N,Outdoor,N32,"Denver, CO"
10/22/2024,Y,N,Outdoor,N33,"Denver, CO"
10/22/2024,Y,N,Outdoor,N34,"Denver, CO"
N/A (shipped on 10/23/2024),N,,,N35,"Denver, CO"
10/29/2024,n/a,,Indoor,N36,"Boston, MA"
10/29/2024,Y,N,Outdoor,N37,"Boston, MA"
10/29/2024,Y,N,Outdoor,N38,"Boston, MA"
10/29/2024,Y,N,Outdoor,N39,"Boston, MA"
10/15/2024,Y,N,Outdoor,N4,"Philadelphia, PA"
10/29/2024,Y,N,Outdoor,N40,"Boston, MA"
10/29/2024,Y,N,Outdoor,N41,"Boston, MA"
10/29/2024,Y,N,Outdoor,N42,"Boston, MA"
10/29/2024,Y,N,Outdoor,N43,"Boston, MA"
10/29/2024,Y,N,Outdoor,N44,"Boston, MA"
10/30/2024,Y,N,Outdoor,N45,"San Francisco, CA"
10/30/2024,Y,N,Outdoor,N46,"San Francisco, CA"
10/30/2024,Y,N,Outdoor,N47,"San Francisco, CA"
10/30/2024,Y,N,Outdoor,N48,"San Francisco, CA"
10/30/2024,Y,N,Outdoor,N49,"San Francisco, CA"
10/15/2024,Y,N,Outdoor,N5,"Philadelphia, PA"
10/30/2024,Y,N,Outdoor,N50,"San Francisco, CA"
10/30/2024,Y,N,Outdoor,N51,"San Francisco, CA"
10/30/2024,Y,N,Outdoor,N52,"San Francisco, CA"
10/30/2024,Y,N,Outdoor,N53,"San Francisco, CA"
10/22/2024,Y,N,Outdoor,N54,"Miami, FL"
10/22/2024,Y,N,Outdoor,N55,"Miami, FL"
10/22/2024,Y,N,Outdoor,N56,"Miami, FL"
10/22/2024,Y,N,Outdoor,N57,"Miami, FL"
10/22/2024,Y,N,Outdoor,N58,"Miami, FL"
10/22/2024,Y,N,Outdoor,N59,"Miami, FL"
10/15/2024,Y,N,Outdoor,N6,"Philadelphia, PA"
10/22/2024,Y,N,Outdoor,N60,"Miami, FL"
10/22/2024,Y,,NF,N61,"Miami, FL"
10/22/2024,Y,N,Outdoor,N62,"Miami, FL"
10/21/2024,N/A,N/A,N/A,N63,"Miami, FL"
10/21/2024,Y,N,Outdoor,N64,"Miami, FL"
10/21/2024,Y,N,Outdoor,N65,"Miami, FL"
10/21/2024,Y,N,Outdoor,N66,"Miami, FL"
10/21/2024,Y,N,Outdoor,N67,"Miami, FL"
10/21/2024,Y,N,Outdoor,N68,"Miami, FL"
10/21/2024,Y,N,Outdoor,N69,"Miami, FL"
10/15/2024,Y,N,Outdoor,N7,"Philadelphia, PA"
10/21/2024,Y,N,Outdoor,N70,"Miami, FL"
10/21/2024,Y,N,Outdoor,N71,"Miami, FL"
,,,,N72,"Fort Worth, TX"
7/22/2024,,,Outdoor,N73,"Fort Worth, TX"
7/22/2024,,,Outdoor,N74,"Fort Worth, TX"
7/22/2024,,,Outdoor,N75,"Fort Worth, TX"
7/22/2024,,,Outdoor,N76,"Fort Worth, TX"
7/22/2024,,,Outdoor,N77,"Fort Worth, TX"
,,,,N78,"Fort Worth, TX"
7/22/2024,,,Outdoor,N79,"Fort Worth, TX"
10/15/2024,Y,N,Outdoor,N8,"Philadelphia, PA"
7/22/2024,,,Outdoor,N80,"Fort Worth, TX"
10/15/2024,Y,N,Outdoor,N9,"Philadelphia, PA"
10/15/2024,Y,N,Outdoor,P1,"Las Vegas, NV"
10/16/2024,Y,Partial,Outdoor,P10,"Tampa, FL"
10/16/2024,Y,N,Outdoor,P11,"Tampa, FL"
10/16/2024,Y,N,Outdoor,P12,"Tampa, FL"
10/16/2024,Y,Y,Outdoor,P13,"Tampa, FL"
10/16/2024,Y,N,Outdoor,P14,"Tampa, FL"
10/16/2024,Y,Partial,Outdoor,P15,"Tampa, FL"
10/16/2024,Y,Y,Outdoor,P16,"Tampa, FL"
10/16/2024,Y,N,Indoor,P17,"Tampa, FL"
10/16/2024,Y,N,Outdoor,P18,"Tampa, FL"
10/20/2024,Y,N,Outdoor,P19,"San Antonio, TX"
10/15/2024,Y,N/A,Outdoor,P2,"Las Vegas, NV"
10/20/2024,Y,N,Outdoor,P20,"San Antonio, TX"
10/20/2024,Y,N,Outdoor,P21,"San Antonio, TX"
10/20/2024,Y,N,Outdoor,P22,"San Antonio, TX"
10/20/2024,Y,N,Outdoor,P23,"San Antonio, TX"
10/20/2024,Y,N,Outdoor,P24,"San Antonio, TX"
10/20/2024,Y,N,Outdoor,P25,"San Antonio, TX"
10/20/2024,Y,N,Outdoor,P26,"San Antonio, TX"
10/20/2024,N/A,N/A,N/A,P27,"San Antonio, TX"
10/21/2024,N/A,N/A,N/A,P27^2,"Washington, DC"
10/21/2024,Y,N,Transit,P28,"Washington, DC"
10/21/2024,Y,N,Outdoor,P29,"Washington, DC"
10/15/2024,N/A,N/A,N/A,P3,"Las Vegas, NV"
10/21/2024,Y,N,Outdoor,P30,"Washington, DC"
10/21/2024,Y,N,Indoor,P31,"Washington, DC"
10/21/2024,Y,N,Transit,P32,"Washington, DC"
10/21/2024,Y,N,Indoor,P33,"Washington, DC"
10/21/2024,Y,N,Indoor,P34,"Washington, DC"
10/21/2024,Y,N,Transit,P35,"Washington, DC"
,,,,P36,?
,,,,P37,MD PSU-508
,,,,P38,MD PSU-517
,,,,P39,MD PSU-507
10/15/2024,Y,N,Outdoor,P4,"Las Vegas, NV"
,,,,P40,MD PSU-506
,,,,P41,MD PSU-504
,,,,P42,MD PSU-519
10/21/2024,Y,N,Indoor,P43,"New York, Ny"
10/21/2024,Y,N,Indoor,P44,"New York, Ny"
10/21/2024,Y,N,Outdoor,P45,"New York, Ny"
10/21/2024,Y,N,Outdoor,P46,"New York, Ny"
10/21/2024,Y,N,Outdoor,P47,"New York, Ny"
10/20/2024,Y,N,Indoor,P48,"New York, Ny"
10/21/2024,Y,N,Outdoor,P49,"New York, Ny"
10/15/2024,Y,N,Outdoor,P5,"Las Vegas, NV"
10/21/2024,Y,N,Indoor,P50,"New York, Ny"
10/21/2024,Y,N,Outdoor,P51,"New York, Ny"
,,,,P52,MD PSU-518
10/21/2024,Y,Y,Outdoor,P53,"Phoenix, AZ"
10/21/2024,Y,N,Outdoor,P54,"Phoenix, AZ"
10/21/2024,Y,N,Outdoor,P55,"Phoenix, AZ"
10/21/2024,Y,Y,Outdoor,P56,"Phoenix, AZ"
10/21/2024,Y,N,Outdoor,P57,"Phoenix, AZ"
10/21/2024,Y,Y,Outdoor,P58,"Phoenix, AZ"
10/21/2024,Y,N,Outdoor,P59,"Phoenix, AZ"
10/15/2024,Y,N,Outdoor,P6,"Las Vegas, NV"
10/21/2024,Y,N,Outdoor,P60,"Phoenix, AZ"
10/22/2024,N/A,N/A,N/A,P61,"Phoenix, AZ"
10/15/2024,Y,N,Indoor,P62,"Seattle, WA"
10/15/2024,Y,N,Indoor,P63,"Seattle, WA"
10/15/2024,Y,N,Outdoor,P64,"Seattle, WA"
10/15/2024,Y,N,Outdoor,P65,"Seattle, WA"
10/15/2024,Y,N,Outdoor,P66,"Seattle, WA"
10/15/2024,Y,N,Outdoor,P67,"Seattle, WA"
10/15/2024,Y,N,Transit,P68,"Seattle, WA"
10/15/2024,Y,N,Transit,P69,"Seattle, WA"
10/15/2024,Y,Y,Outdoor,P7,"Las Vegas, NV"
10/15/2024,Y,N,Outdoor,P70,"Seattle, WA"
10/23/2024,N,N,n/a,P71,"Trenton, NJ"
10/23/2024,N,N,Outdoor,P72,"Trenton, NJ"
10/23/2024,N,N,Outdoor,P73,"Trenton, NJ"
10/23/2024,N,N,Outdoor,P74,"Trenton, NJ"
10/23/2024,N,Partial,Outdoor,P75,"Trenton, NJ"
10/23/2024,N,N,Indoor,P76,"Trenton, NJ"
10/23/2024,N,N,Indoor,P77,"Trenton, NJ"
10/23/2024,N,N,Outdoor,P78,"Trenton, NJ"
10/23/2024,N,Partial,Outdoor,P79,"Trenton, NJ"
10/15/2024,Y,N,Outdoor,P8,"Las Vegas, NV"
10/15/2024,Y,N,Outdoor,P9,"Las Vegas, NV"
,,,,Q1,"Boston, MA"
7/22/2024,,,Outdoor,Q10,"Fort Worth, TX"
7/22/2024,,,Outdoor,Q11,"Fort Worth, TX"
7/22/2024,,,Outdoor,Q12,"Fort Worth, TX"
7/22/2024,,,Outdoor,Q13,"Fort Worth, TX"
7/22/2024,,,Outdoor,Q14,"Fort Worth, TX"
7/22/2024,,,Outdoor,Q15,"Fort Worth, TX"
7/22/2024,,,Outdoor,Q16,"Fort Worth, TX"
7/22/2024,,,Outdoor,Q17,"Fort Worth, TX"
,,,,Q18,"Richmond, VA"
,,,,Q19,"Richmond, VA"
10/22/2024,Y,N,Outdoor,Q2,"Boston, MA"
,,,,Q20,"Richmond, VA"
,,,,Q21,"Richmond, VA"
,,,,Q22,"Richmond, VA"
,,,,Q23,"Richmond, VA"
10/15/2024,N/A,N/A,N/A,Q24,"Austin, TX"
10/15/2024,Y,Partial,Outdoor,Q25,"Austin, TX"
10/15/2024,Y,Partial,Outdoor,Q26,"Austin, TX"
10/15/2024,Y,Partial,Outdoor,Q27,"Austin, TX"
10/15/2024,Y,Partial,Outdoor,Q28,"Austin, TX"
10/15/2024,Y,Partial,Outdoor,Q29,"Austin, TX"
10/22/2024,Y,N,Outdoor,Q3,"Boston, MA"
10/15/2024,Y,Partial,Outdoor,Q30,"Austin, TX"
10/15/2024,Y,Partial,Outdoor,Q31,"Austin, TX"
10/15/2024,Y,Partial,Outdoor,Q32,"Austin, TX"
,,,,Q33,"Chicago, IL"
,,,,Q34,"Chicago, IL"
,,,,Q35,"Chicago, IL"
10/16/2024,Y,N,Outdoor,Q36,"Chicago, IL"
10/16/2024,Y,N,Outdoor,Q37,"Chicago, IL"
10/16/2024,Y,N,Outdoor,Q38,"Chicago, IL"
10/16/2024,Y,N,Outdoor,Q39,"Chicago, IL"
10/22/2024,Y,N,Outdoor,Q4,"Boston, MA"
10/16/2024,Y,N,Outdoor,Q40,"Chicago, IL"
10/16/2024,Y,N,Outdoor,Q41,"Chicago, IL"
10/16/2024,Y,N,Outdoor,Q42,"Chicago, IL"
10/16/2024,Y,N,Outdoor,Q43,"Chicago, IL"
10/16/2024,Y,N,Outdoor,Q44,"Chicago, IL"
10/16/2024,Y,N,Outdoor,Q45,"Chicago, IL"
10/16/2024,Y,N,Outdoor,Q46,"Chicago, IL"
10/16/2024,Y,N,Outdoor,Q47,"Chicago, IL"
10/16/2024,Y,N,Outdoor,Q48,"Chicago, IL"
10/16/2024,Y,N,Outdoor,Q49,"Chicago, IL"
10/22/2024,Y,N,Outdoor,Q5,"Boston, MA"
10/16/2024,Y,N,Outdoor,Q50,"Chicago, IL"
10/16/2024,Y,N,Outdoor,Q51,"Chicago, IL"
10/16/2024,Y,N,Outdoor,Q52,"Chicago, IL"
10/16/2024,Y,N,Outdoor,Q53,"Chicago, IL"
10/16/2024,Y,N,Outdoor,Q54,"Chicago, IL"
10/16/2024,Y,N,Outdoor,Q55,"Chicago, IL"
10/16/2024,Y,N,Indoor,Q56,"Chicago, IL"
10/16/2024,Y,N,Outdoor,Q57,"Chicago, IL"
10/16/2024,Y,N,Outdoor,Q58,"Chicago, IL"
10/16/2024,Y,N,Outdoor,Q59,"Chicago, IL"
10/22/2024,Y,N,Outdoor,Q6,"Boston, MA"
10/15/2024,Y,N,Outdoor,Q60,"Columbus, OH"
10/15/2024,Y,N,Outdoor,Q61,"Columbus, OH"
10/15/2024,Y,N,Outdoor,Q62,"Columbus, OH"
10/15/2024,Y,N,Outdoor,Q63,"Columbus, OH"
10/15/2024,Y,N,Outdoor,Q64,"Columbus, OH"
10/15/2024,Y,N,Outdoor,Q65,"Columbus, OH"
10/15/2024,Y,N,Outdoor,Q66,"Columbus, OH"
10/15/2024,Y,N,Outdoor,Q67,"Columbus, OH"
10/15/2024,Y,N,Outdoor,Q68,"Columbus, OH"
10/15/2024,Y,N,Outdoor,Q69,"Columbus, OH"
10/22/2024,Y,N,Outdoor,Q7,"Boston, MA"
10/15/2024,Y,N,Outdoor,Q70,"Columbus, OH"
10/15/2024,Y,N,Outdoor,Q71,"Columbus, OH"
10/15/2024,Y,N,Outdoor,Q72,"Columbus, OH"
10/15/2024,Y,N,Outdoor,Q73,"Columbus, OH"
10/15/2024,Y,N,Outdoor,Q74,"Columbus, OH"
10/15/2024,Y,N,Outdoor,Q75,"Columbus, OH"
10/15/2024,Y,N,Outdoor,Q76,"Columbus, OH"
10/15/2024,Y,N,Outdoor,Q77,"Columbus, OH"
10/15/2024,Y,N,Outdoor,Q78,"Columbus, OH"
10/15/2024,Y,N,Outdoor,Q79,"Columbus, OH"
10/22/2024,Y,N,Outdoor,Q8,"Boston, MA"
10/15/2024,Y,N,Outdoor,Q80,"Columbus, OH"
10/15/2024,Y,N,Outdoor,Q81,"Columbus, OH"
10/22/2024,Y,N,Outdoor,Q9,"Boston, MA"
10/15/2024,Y,N,Outdoor,R1,"Columbus, OH"
10/15/2024,Y,N,Outdoor,R2,"Columbus, OH"
10/15/2024,N/A,N/A,N/A,R3,"Columbus, OH"
10/15/2024,N/A,N/A,N/A,R4,"Columbus, OH"
10/15/2024,N/A,N/A,N/A,R5,"Columbus, OH"
,,,,i74,"Washington, DC"
,,,,i75,"Washington, DC"
,,,,i76,"Washington, DC"
4/15/2024 0:00,Y,N,Outdoor,,
4/15/2024 0:00,Y,N,Outdoor,,
4/16/2024 0:00,,,Outdoor,,
4/23/2024 0:00,Y,N,Indoor,,
4/23/2024 0:00,Y,N,Indoor,,
4/23/2024 0:00,Y,N,Indoor,,
4/23/2024 0:00,Y,N,Outdoor,,
4/23/2024 0:00,Y,N,Outdoor,,
4/23/2024 0:00,Y,N,Transit,,
4/23/2024 0:00,Y,N,Transit,,
4/23/2024 0:00,Y,N,Transit,,
7/14/2024 0:00,Y,N,Outdoor,,
7/15/2024 0:00,Y,N,Indoor,,
7/15/2024 0:00,Y,N,Indoor,,
7/15/2024 0:00,Y,N,Indoor,,
7/15/2024 0:00,Y,N,Outdoor,,
7/15/2024 0:00,Y,N,Outdoor,,
7/15/2024 0:00,Y,N,Transit,,
7/15/2024 0:00,Y,N,Transit,,
7/15/2024 0:00,Y,N,Transit,,
7/15/2024 0:00,,,Outdoor,,
7/22/2024 0:00,,,Outdoor,,
10/14/2024 0:00,,,Outdoor,,
10/15/2024 0:00,,,Outdoor,,
10/15/2024 0:00,,,Outdoor,,
10/15/2024 0:00,,,Outdoor,,
10/15/2024 0:00,,,Outdoor,,
10/15/2024 0:00,,,Outdoor,,
10/15/2024 0:00,,,Outdoor,,
10/16/2024 0:00,,,Outdoor,,
,,,Indoor,,
